INFO:     Started server process [7432]
INFO:     Waiting for application startup.
INFO:     Application startup complete.
INFO:     Uvicorn running on http://127.0.0.1:8000 (Press CTRL+C to quit)
ERROR:    Exception in ASGI application
Traceback (most recent call last):
  File "C:\Users\infomax\Miniconda3\Lib\site-packages\uvicorn\protocols\http\httptools_impl.py", line 421, in run_asgi
    result = await app(  # type: ignore[func-returns-value]
             ^^^^^^^^^^^^^^^^^^^^^^^^^^^^^^^^^^^^^^^^^^^^^^
        self.scope, self.receive, self.send
        ^^^^^^^^^^^^^^^^^^^^^^^^^^^^^^^^^^^
    )
    ^
  File "C:\Users\infomax\Miniconda3\Lib\site-packages\uvicorn\middleware\proxy_headers.py", line 62, in __call__
    return await self.app(scope, receive, send)
           ^^^^^^^^^^^^^^^^^^^^^^^^^^^^^^^^^^^^
  File "C:\Users\infomax\Miniconda3\Lib\site-packages\fastapi\applications.py", line 1163, in __call__
    await super().__call__(scope, receive, send)
  File "C:\Users\infomax\Miniconda3\Lib\site-packages\starlette\applications.py", line 90, in __call__
    await self.middleware_stack(scope, receive, send)
  File "C:\Users\infomax\Miniconda3\Lib\site-packages\starlette\middleware\errors.py", line 186, in __call__
    raise exc
  File "C:\Users\infomax\Miniconda3\Lib\site-packages\starlette\middleware\errors.py", line 164, in __call__
    await self.app(scope, receive, _send)
  File "C:\Users\infomax\Miniconda3\Lib\site-packages\starlette\middleware\cors.py", line 96, in __call__
    await self.simple_response(scope, receive, send, request_headers=headers)
  File "C:\Users\infomax\Miniconda3\Lib\site-packages\starlette\middleware\cors.py", line 154, in simple_response
    await self.app(scope, receive, send)
  File "C:\Users\infomax\Miniconda3\Lib\site-packages\starlette\middleware\exceptions.py", line 63, in __call__
    await wrap_app_handling_exceptions(self.app, conn)(scope, receive, send)
  File "C:\Users\infomax\Miniconda3\Lib\site-packages\starlette\_exception_handler.py", line 53, in wrapped_app
    raise exc
  File "C:\Users\infomax\Miniconda3\Lib\site-packages\starlette\_exception_handler.py", line 42, in wrapped_app
    await app(scope, receive, sender)
  File "C:\Users\infomax\Miniconda3\Lib\site-packages\fastapi\middleware\asyncexitstack.py", line 18, in __call__
    await self.app(scope, receive, send)
  File "C:\Users\infomax\Miniconda3\Lib\site-packages\starlette\routing.py", line 660, in __call__
    await self.middleware_stack(scope, receive, send)
  File "C:\Users\infomax\Miniconda3\Lib\site-packages\fastapi\routing.py", line 2543, in app
    await route.handle(scope, receive, send)
  File "C:\Users\infomax\Miniconda3\Lib\site-packages\fastapi\routing.py", line 1241, in handle
    await super().handle(scope, receive, send)
  File "C:\Users\infomax\Miniconda3\Lib\site-packages\starlette\routing.py", line 276, in handle
    await self.app(scope, receive, send)
  File "C:\Users\infomax\Miniconda3\Lib\site-packages\fastapi\routing.py", line 150, in app
    await wrap_app_handling_exceptions(app, request)(scope, receive, send)
  File "C:\Users\infomax\Miniconda3\Lib\site-packages\starlette\_exception_handler.py", line 53, in wrapped_app
    raise exc
  File "C:\Users\infomax\Miniconda3\Lib\site-packages\starlette\_exception_handler.py", line 42, in wrapped_app
    await app(scope, receive, sender)
  File "C:\Users\infomax\Miniconda3\Lib\site-packages\fastapi\routing.py", line 136, in app
    response = await f(request)
               ^^^^^^^^^^^^^^^^
  File "C:\Users\infomax\Miniconda3\Lib\site-packages\fastapi\routing.py", line 690, in app
    raw_response = await run_endpoint_function(
                   ^^^^^^^^^^^^^^^^^^^^^^^^^^^^
    ...<3 lines>...
    )
    ^
  File "C:\Users\infomax\Miniconda3\Lib\site-packages\fastapi\routing.py", line 346, in run_endpoint_function
    return await run_in_threadpool(dependant.call, **values)
           ^^^^^^^^^^^^^^^^^^^^^^^^^^^^^^^^^^^^^^^^^^^^^^^^^
  File "C:\Users\infomax\Miniconda3\Lib\site-packages\starlette\concurrency.py", line 34, in run_in_threadpool
    return await anyio.to_thread.run_sync(func)
           ^^^^^^^^^^^^^^^^^^^^^^^^^^^^^^^^^^^^
  File "C:\Users\infomax\Miniconda3\Lib\site-packages\anyio\to_thread.py", line 63, in run_sync
    return await get_async_backend().run_sync_in_worker_thread(
           ^^^^^^^^^^^^^^^^^^^^^^^^^^^^^^^^^^^^^^^^^^^^^^^^^^^^
        func, args, abandon_on_cancel=abandon_on_cancel, limiter=limiter
        ^^^^^^^^^^^^^^^^^^^^^^^^^^^^^^^^^^^^^^^^^^^^^^^^^^^^^^^^^^^^^^^^
    )
    ^
  File "C:\Users\infomax\Miniconda3\Lib\site-packages\anyio\_backends\_asyncio.py", line 2502, in run_sync_in_worker_thread
    return await future
           ^^^^^^^^^^^^
  File "C:\Users\infomax\Miniconda3\Lib\site-packages\anyio\_backends\_asyncio.py", line 986, in run
    result = context.run(func, *args)
  File "D:\Projects\Projects_AS\IRS Pricer\irs_pricer\api.py", line 169, in market_data_range
    cd_rate: float
                ^^
  File "D:\Projects\Projects_AS\IRS Pricer\irs_pricer\api.py", line 83, in _all_dates
    if _EXCEL_PATH.exists():
                 ^^^^^^^^^^^
  File "D:\Projects\Projects_AS\IRS Pricer\irs_pricer\csv_loader.py", line 118, in common_dates
    sets = [set(_available_dates(data_dir / "CD_AAA_91D.csv"))]
                ~~~~~~~~~~~~~~~~^^^^^^^^^^^^^^^^^^^^^^^^^^^^^
  File "D:\Projects\Projects_AS\IRS Pricer\irs_pricer\csv_loader.py", line 79, in _available_dates
    with csv_path.open(encoding="utf-8-sig") as f:
         ~~~~~~~~~~~~~^^^^^^^^^^^^^^^^^^^^^^
  File "C:\Users\infomax\Miniconda3\Lib\pathlib\_local.py", line 537, in open
    return io.open(self, mode, buffering, encoding, errors, newline)
           ~~~~~~~^^^^^^^^^^^^^^^^^^^^^^^^^^^^^^^^^^^^^^^^^^^^^^^^^^
FileNotFoundError: [Errno 2] No such file or directory: 'D:\\Projects\\Projects_AS\\IRS Pricer\\CD_AAA_91D.csv'
ERROR:    Exception in ASGI application
Traceback (most recent call last):
  File "C:\Users\infomax\Miniconda3\Lib\site-packages\uvicorn\protocols\http\httptools_impl.py", line 421, in run_asgi
    result = await app(  # type: ignore[func-returns-value]
             ^^^^^^^^^^^^^^^^^^^^^^^^^^^^^^^^^^^^^^^^^^^^^^
        self.scope, self.receive, self.send
        ^^^^^^^^^^^^^^^^^^^^^^^^^^^^^^^^^^^
    )
    ^
  File "C:\Users\infomax\Miniconda3\Lib\site-packages\uvicorn\middleware\proxy_headers.py", line 62, in __call__
    return await self.app(scope, receive, send)
           ^^^^^^^^^^^^^^^^^^^^^^^^^^^^^^^^^^^^
  File "C:\Users\infomax\Miniconda3\Lib\site-packages\fastapi\applications.py", line 1163, in __call__
    await super().__call__(scope, receive, send)
  File "C:\Users\infomax\Miniconda3\Lib\site-packages\starlette\applications.py", line 90, in __call__
    await self.middleware_stack(scope, receive, send)
  File "C:\Users\infomax\Miniconda3\Lib\site-packages\starlette\middleware\errors.py", line 186, in __call__
    raise exc
  File "C:\Users\infomax\Miniconda3\Lib\site-packages\starlette\middleware\errors.py", line 164, in __call__
    await self.app(scope, receive, _send)
  File "C:\Users\infomax\Miniconda3\Lib\site-packages\starlette\middleware\cors.py", line 96, in __call__
    await self.simple_response(scope, receive, send, request_headers=headers)
  File "C:\Users\infomax\Miniconda3\Lib\site-packages\starlette\middleware\cors.py", line 154, in simple_response
    await self.app(scope, receive, send)
  File "C:\Users\infomax\Miniconda3\Lib\site-packages\starlette\middleware\exceptions.py", line 63, in __call__
    await wrap_app_handling_exceptions(self.app, conn)(scope, receive, send)
  File "C:\Users\infomax\Miniconda3\Lib\site-packages\starlette\_exception_handler.py", line 53, in wrapped_app
    raise exc
  File "C:\Users\infomax\Miniconda3\Lib\site-packages\starlette\_exception_handler.py", line 42, in wrapped_app
    await app(scope, receive, sender)
  File "C:\Users\infomax\Miniconda3\Lib\site-packages\fastapi\middleware\asyncexitstack.py", line 18, in __call__
    await self.app(scope, receive, send)
  File "C:\Users\infomax\Miniconda3\Lib\site-packages\starlette\routing.py", line 660, in __call__
    await self.middleware_stack(scope, receive, send)
  File "C:\Users\infomax\Miniconda3\Lib\site-packages\fastapi\routing.py", line 2543, in app
    await route.handle(scope, receive, send)
  File "C:\Users\infomax\Miniconda3\Lib\site-packages\fastapi\routing.py", line 1241, in handle
    await super().handle(scope, receive, send)
  File "C:\Users\infomax\Miniconda3\Lib\site-packages\starlette\routing.py", line 276, in handle
    await self.app(scope, receive, send)
  File "C:\Users\infomax\Miniconda3\Lib\site-packages\fastapi\routing.py", line 150, in app
    await wrap_app_handling_exceptions(app, request)(scope, receive, send)
  File "C:\Users\infomax\Miniconda3\Lib\site-packages\starlette\_exception_handler.py", line 53, in wrapped_app
    raise exc
  File "C:\Users\infomax\Miniconda3\Lib\site-packages\starlette\_exception_handler.py", line 42, in wrapped_app
    await app(scope, receive, sender)
  File "C:\Users\infomax\Miniconda3\Lib\site-packages\fastapi\routing.py", line 136, in app
    response = await f(request)
               ^^^^^^^^^^^^^^^^
  File "C:\Users\infomax\Miniconda3\Lib\site-packages\fastapi\routing.py", line 690, in app
    raw_response = await run_endpoint_function(
                   ^^^^^^^^^^^^^^^^^^^^^^^^^^^^
    ...<3 lines>...
    )
    ^
  File "C:\Users\infomax\Miniconda3\Lib\site-packages\fastapi\routing.py", line 346, in run_endpoint_function
    return await run_in_threadpool(dependant.call, **values)
           ^^^^^^^^^^^^^^^^^^^^^^^^^^^^^^^^^^^^^^^^^^^^^^^^^
  File "C:\Users\infomax\Miniconda3\Lib\site-packages\starlette\concurrency.py", line 34, in run_in_threadpool
    return await anyio.to_thread.run_sync(func)
           ^^^^^^^^^^^^^^^^^^^^^^^^^^^^^^^^^^^^
  File "C:\Users\infomax\Miniconda3\Lib\site-packages\anyio\to_thread.py", line 63, in run_sync
    return await get_async_backend().run_sync_in_worker_thread(
           ^^^^^^^^^^^^^^^^^^^^^^^^^^^^^^^^^^^^^^^^^^^^^^^^^^^^
        func, args, abandon_on_cancel=abandon_on_cancel, limiter=limiter
        ^^^^^^^^^^^^^^^^^^^^^^^^^^^^^^^^^^^^^^^^^^^^^^^^^^^^^^^^^^^^^^^^
    )
    ^
  File "C:\Users\infomax\Miniconda3\Lib\site-packages\anyio\_backends\_asyncio.py", line 2502, in run_sync_in_worker_thread
    return await future
           ^^^^^^^^^^^^
  File "C:\Users\infomax\Miniconda3\Lib\site-packages\anyio\_backends\_asyncio.py", line 986, in run
    result = context.run(func, *args)
  File "D:\Projects\Projects_AS\IRS Pricer\irs_pricer\api.py", line 169, in market_data_range
    cd_rate: float
                ^^
  File "D:\Projects\Projects_AS\IRS Pricer\irs_pricer\api.py", line 83, in _all_dates
    if _EXCEL_PATH.exists():
                 ^^^^^^^^^^^
  File "D:\Projects\Projects_AS\IRS Pricer\irs_pricer\csv_loader.py", line 118, in common_dates
    sets = [set(_available_dates(data_dir / "CD_AAA_91D.csv"))]
                ~~~~~~~~~~~~~~~~^^^^^^^^^^^^^^^^^^^^^^^^^^^^^
  File "D:\Projects\Projects_AS\IRS Pricer\irs_pricer\csv_loader.py", line 79, in _available_dates
    with csv_path.open(encoding="utf-8-sig") as f:
         ~~~~~~~~~~~~~^^^^^^^^^^^^^^^^^^^^^^
  File "C:\Users\infomax\Miniconda3\Lib\pathlib\_local.py", line 537, in open
    return io.open(self, mode, buffering, encoding, errors, newline)
           ~~~~~~~^^^^^^^^^^^^^^^^^^^^^^^^^^^^^^^^^^^^^^^^^^^^^^^^^^
FileNotFoundError: [Errno 2] No such file or directory: 'D:\\Projects\\Projects_AS\\IRS Pricer\\CD_AAA_91D.csv'
ERROR:    Exception in ASGI application
Traceback (most recent call last):
  File "C:\Users\infomax\Miniconda3\Lib\site-packages\uvicorn\protocols\http\httptools_impl.py", line 421, in run_asgi
    result = await app(  # type: ignore[func-returns-value]
             ^^^^^^^^^^^^^^^^^^^^^^^^^^^^^^^^^^^^^^^^^^^^^^
        self.scope, self.receive, self.send
        ^^^^^^^^^^^^^^^^^^^^^^^^^^^^^^^^^^^
    )
    ^
  File "C:\Users\infomax\Miniconda3\Lib\site-packages\uvicorn\middleware\proxy_headers.py", line 62, in __call__
    return await self.app(scope, receive, send)
           ^^^^^^^^^^^^^^^^^^^^^^^^^^^^^^^^^^^^
  File "C:\Users\infomax\Miniconda3\Lib\site-packages\fastapi\applications.py", line 1163, in __call__
    await super().__call__(scope, receive, send)
  File "C:\Users\infomax\Miniconda3\Lib\site-packages\starlette\applications.py", line 90, in __call__
    await self.middleware_stack(scope, receive, send)
  File "C:\Users\infomax\Miniconda3\Lib\site-packages\starlette\middleware\errors.py", line 186, in __call__
    raise exc
  File "C:\Users\infomax\Miniconda3\Lib\site-packages\starlette\middleware\errors.py", line 164, in __call__
    await self.app(scope, receive, _send)
  File "C:\Users\infomax\Miniconda3\Lib\site-packages\starlette\middleware\cors.py", line 96, in __call__
    await self.simple_response(scope, receive, send, request_headers=headers)
  File "C:\Users\infomax\Miniconda3\Lib\site-packages\starlette\middleware\cors.py", line 154, in simple_response
    await self.app(scope, receive, send)
  File "C:\Users\infomax\Miniconda3\Lib\site-packages\starlette\middleware\exceptions.py", line 63, in __call__
    await wrap_app_handling_exceptions(self.app, conn)(scope, receive, send)
  File "C:\Users\infomax\Miniconda3\Lib\site-packages\starlette\_exception_handler.py", line 53, in wrapped_app
    raise exc
  File "C:\Users\infomax\Miniconda3\Lib\site-packages\starlette\_exception_handler.py", line 42, in wrapped_app
    await app(scope, receive, sender)
  File "C:\Users\infomax\Miniconda3\Lib\site-packages\fastapi\middleware\asyncexitstack.py", line 18, in __call__
    await self.app(scope, receive, send)
  File "C:\Users\infomax\Miniconda3\Lib\site-packages\starlette\routing.py", line 660, in __call__
    await self.middleware_stack(scope, receive, send)
  File "C:\Users\infomax\Miniconda3\Lib\site-packages\fastapi\routing.py", line 2543, in app
    await route.handle(scope, receive, send)
  File "C:\Users\infomax\Miniconda3\Lib\site-packages\fastapi\routing.py", line 1241, in handle
    await super().handle(scope, receive, send)
  File "C:\Users\infomax\Miniconda3\Lib\site-packages\starlette\routing.py", line 276, in handle
    await self.app(scope, receive, send)
  File "C:\Users\infomax\Miniconda3\Lib\site-packages\fastapi\routing.py", line 150, in app
    await wrap_app_handling_exceptions(app, request)(scope, receive, send)
  File "C:\Users\infomax\Miniconda3\Lib\site-packages\starlette\_exception_handler.py", line 53, in wrapped_app
    raise exc
  File "C:\Users\infomax\Miniconda3\Lib\site-packages\starlette\_exception_handler.py", line 42, in wrapped_app
    await app(scope, receive, sender)
  File "C:\Users\infomax\Miniconda3\Lib\site-packages\fastapi\routing.py", line 136, in app
    response = await f(request)
               ^^^^^^^^^^^^^^^^
  File "C:\Users\infomax\Miniconda3\Lib\site-packages\fastapi\routing.py", line 690, in app
    raw_response = await run_endpoint_function(
                   ^^^^^^^^^^^^^^^^^^^^^^^^^^^^
    ...<3 lines>...
    )
    ^
  File "C:\Users\infomax\Miniconda3\Lib\site-packages\fastapi\routing.py", line 346, in run_endpoint_function
    return await run_in_threadpool(dependant.call, **values)
           ^^^^^^^^^^^^^^^^^^^^^^^^^^^^^^^^^^^^^^^^^^^^^^^^^
  File "C:\Users\infomax\Miniconda3\Lib\site-packages\starlette\concurrency.py", line 34, in run_in_threadpool
    return await anyio.to_thread.run_sync(func)
           ^^^^^^^^^^^^^^^^^^^^^^^^^^^^^^^^^^^^
  File "C:\Users\infomax\Miniconda3\Lib\site-packages\anyio\to_thread.py", line 63, in run_sync
    return await get_async_backend().run_sync_in_worker_thread(
           ^^^^^^^^^^^^^^^^^^^^^^^^^^^^^^^^^^^^^^^^^^^^^^^^^^^^
        func, args, abandon_on_cancel=abandon_on_cancel, limiter=limiter
        ^^^^^^^^^^^^^^^^^^^^^^^^^^^^^^^^^^^^^^^^^^^^^^^^^^^^^^^^^^^^^^^^
    )
    ^
  File "C:\Users\infomax\Miniconda3\Lib\site-packages\anyio\_backends\_asyncio.py", line 2502, in run_sync_in_worker_thread
    return await future
           ^^^^^^^^^^^^
  File "C:\Users\infomax\Miniconda3\Lib\site-packages\anyio\_backends\_asyncio.py", line 986, in run
    result = context.run(func, *args)
  File "D:\Projects\Projects_AS\IRS Pricer\irs_pricer\api.py", line 169, in market_data_range
    cd_rate: float
                ^^
  File "D:\Projects\Projects_AS\IRS Pricer\irs_pricer\api.py", line 83, in _all_dates
    if _EXCEL_PATH.exists():
                 ^^^^^^^^^^^
  File "D:\Projects\Projects_AS\IRS Pricer\irs_pricer\csv_loader.py", line 118, in common_dates
    sets = [set(_available_dates(data_dir / "CD_AAA_91D.csv"))]
                ~~~~~~~~~~~~~~~~^^^^^^^^^^^^^^^^^^^^^^^^^^^^^
  File "D:\Projects\Projects_AS\IRS Pricer\irs_pricer\csv_loader.py", line 79, in _available_dates
    with csv_path.open(encoding="utf-8-sig") as f:
         ~~~~~~~~~~~~~^^^^^^^^^^^^^^^^^^^^^^
  File "C:\Users\infomax\Miniconda3\Lib\pathlib\_local.py", line 537, in open
    return io.open(self, mode, buffering, encoding, errors, newline)
           ~~~~~~~^^^^^^^^^^^^^^^^^^^^^^^^^^^^^^^^^^^^^^^^^^^^^^^^^^
FileNotFoundError: [Errno 2] No such file or directory: 'D:\\Projects\\Projects_AS\\IRS Pricer\\CD_AAA_91D.csv'
ERROR:    Exception in ASGI application
Traceback (most recent call last):
  File "C:\Users\infomax\Miniconda3\Lib\site-packages\uvicorn\protocols\http\httptools_impl.py", line 421, in run_asgi
    result = await app(  # type: ignore[func-returns-value]
             ^^^^^^^^^^^^^^^^^^^^^^^^^^^^^^^^^^^^^^^^^^^^^^
        self.scope, self.receive, self.send
        ^^^^^^^^^^^^^^^^^^^^^^^^^^^^^^^^^^^
    )
    ^
  File "C:\Users\infomax\Miniconda3\Lib\site-packages\uvicorn\middleware\proxy_headers.py", line 62, in __call__
    return await self.app(scope, receive, send)
           ^^^^^^^^^^^^^^^^^^^^^^^^^^^^^^^^^^^^
  File "C:\Users\infomax\Miniconda3\Lib\site-packages\fastapi\applications.py", line 1163, in __call__
    await super().__call__(scope, receive, send)
  File "C:\Users\infomax\Miniconda3\Lib\site-packages\starlette\applications.py", line 90, in __call__
    await self.middleware_stack(scope, receive, send)
  File "C:\Users\infomax\Miniconda3\Lib\site-packages\starlette\middleware\errors.py", line 186, in __call__
    raise exc
  File "C:\Users\infomax\Miniconda3\Lib\site-packages\starlette\middleware\errors.py", line 164, in __call__
    await self.app(scope, receive, _send)
  File "C:\Users\infomax\Miniconda3\Lib\site-packages\starlette\middleware\cors.py", line 96, in __call__
    await self.simple_response(scope, receive, send, request_headers=headers)
  File "C:\Users\infomax\Miniconda3\Lib\site-packages\starlette\middleware\cors.py", line 154, in simple_response
    await self.app(scope, receive, send)
  File "C:\Users\infomax\Miniconda3\Lib\site-packages\starlette\middleware\exceptions.py", line 63, in __call__
    await wrap_app_handling_exceptions(self.app, conn)(scope, receive, send)
  File "C:\Users\infomax\Miniconda3\Lib\site-packages\starlette\_exception_handler.py", line 53, in wrapped_app
    raise exc
  File "C:\Users\infomax\Miniconda3\Lib\site-packages\starlette\_exception_handler.py", line 42, in wrapped_app
    await app(scope, receive, sender)
  File "C:\Users\infomax\Miniconda3\Lib\site-packages\fastapi\middleware\asyncexitstack.py", line 18, in __call__
    await self.app(scope, receive, send)
  File "C:\Users\infomax\Miniconda3\Lib\site-packages\starlette\routing.py", line 660, in __call__
    await self.middleware_stack(scope, receive, send)
  File "C:\Users\infomax\Miniconda3\Lib\site-packages\fastapi\routing.py", line 2543, in app
    await route.handle(scope, receive, send)
  File "C:\Users\infomax\Miniconda3\Lib\site-packages\fastapi\routing.py", line 1241, in handle
    await super().handle(scope, receive, send)
  File "C:\Users\infomax\Miniconda3\Lib\site-packages\starlette\routing.py", line 276, in handle
    await self.app(scope, receive, send)
  File "C:\Users\infomax\Miniconda3\Lib\site-packages\fastapi\routing.py", line 150, in app
    await wrap_app_handling_exceptions(app, request)(scope, receive, send)
  File "C:\Users\infomax\Miniconda3\Lib\site-packages\starlette\_exception_handler.py", line 53, in wrapped_app
    raise exc
  File "C:\Users\infomax\Miniconda3\Lib\site-packages\starlette\_exception_handler.py", line 42, in wrapped_app
    await app(scope, receive, sender)
  File "C:\Users\infomax\Miniconda3\Lib\site-packages\fastapi\routing.py", line 136, in app
    response = await f(request)
               ^^^^^^^^^^^^^^^^
  File "C:\Users\infomax\Miniconda3\Lib\site-packages\fastapi\routing.py", line 690, in app
    raw_response = await run_endpoint_function(
                   ^^^^^^^^^^^^^^^^^^^^^^^^^^^^
    ...<3 lines>...
    )
    ^
  File "C:\Users\infomax\Miniconda3\Lib\site-packages\fastapi\routing.py", line 346, in run_endpoint_function
    return await run_in_threadpool(dependant.call, **values)
           ^^^^^^^^^^^^^^^^^^^^^^^^^^^^^^^^^^^^^^^^^^^^^^^^^
  File "C:\Users\infomax\Miniconda3\Lib\site-packages\starlette\concurrency.py", line 34, in run_in_threadpool
    return await anyio.to_thread.run_sync(func)
           ^^^^^^^^^^^^^^^^^^^^^^^^^^^^^^^^^^^^
  File "C:\Users\infomax\Miniconda3\Lib\site-packages\anyio\to_thread.py", line 63, in run_sync
    return await get_async_backend().run_sync_in_worker_thread(
           ^^^^^^^^^^^^^^^^^^^^^^^^^^^^^^^^^^^^^^^^^^^^^^^^^^^^
        func, args, abandon_on_cancel=abandon_on_cancel, limiter=limiter
        ^^^^^^^^^^^^^^^^^^^^^^^^^^^^^^^^^^^^^^^^^^^^^^^^^^^^^^^^^^^^^^^^
    )
    ^
  File "C:\Users\infomax\Miniconda3\Lib\site-packages\anyio\_backends\_asyncio.py", line 2502, in run_sync_in_worker_thread
    return await future
           ^^^^^^^^^^^^
  File "C:\Users\infomax\Miniconda3\Lib\site-packages\anyio\_backends\_asyncio.py", line 986, in run
    result = context.run(func, *args)
  File "D:\Projects\Projects_AS\IRS Pricer\irs_pricer\api.py", line 169, in market_data_range
    cd_rate: float
                ^^
  File "D:\Projects\Projects_AS\IRS Pricer\irs_pricer\api.py", line 83, in _all_dates
    if _EXCEL_PATH.exists():
                 ^^^^^^^^^^^
  File "D:\Projects\Projects_AS\IRS Pricer\irs_pricer\csv_loader.py", line 118, in common_dates
    sets = [set(_available_dates(data_dir / "CD_AAA_91D.csv"))]
                ~~~~~~~~~~~~~~~~^^^^^^^^^^^^^^^^^^^^^^^^^^^^^
  File "D:\Projects\Projects_AS\IRS Pricer\irs_pricer\csv_loader.py", line 79, in _available_dates
    with csv_path.open(encoding="utf-8-sig") as f:
         ~~~~~~~~~~~~~^^^^^^^^^^^^^^^^^^^^^^
  File "C:\Users\infomax\Miniconda3\Lib\pathlib\_local.py", line 537, in open
    return io.open(self, mode, buffering, encoding, errors, newline)
           ~~~~~~~^^^^^^^^^^^^^^^^^^^^^^^^^^^^^^^^^^^^^^^^^^^^^^^^^^
FileNotFoundError: [Errno 2] No such file or directory: 'D:\\Projects\\Projects_AS\\IRS Pricer\\CD_AAA_91D.csv'
ERROR:    Exception in ASGI application
Traceback (most recent call last):
  File "C:\Users\infomax\Miniconda3\Lib\site-packages\uvicorn\protocols\http\httptools_impl.py", line 421, in run_asgi
    result = await app(  # type: ignore[func-returns-value]
             ^^^^^^^^^^^^^^^^^^^^^^^^^^^^^^^^^^^^^^^^^^^^^^
        self.scope, self.receive, self.send
        ^^^^^^^^^^^^^^^^^^^^^^^^^^^^^^^^^^^
    )
    ^
  File "C:\Users\infomax\Miniconda3\Lib\site-packages\uvicorn\middleware\proxy_headers.py", line 62, in __call__
    return await self.app(scope, receive, send)
           ^^^^^^^^^^^^^^^^^^^^^^^^^^^^^^^^^^^^
  File "C:\Users\infomax\Miniconda3\Lib\site-packages\fastapi\applications.py", line 1163, in __call__
    await super().__call__(scope, receive, send)
  File "C:\Users\infomax\Miniconda3\Lib\site-packages\starlette\applications.py", line 90, in __call__
    await self.middleware_stack(scope, receive, send)
  File "C:\Users\infomax\Miniconda3\Lib\site-packages\starlette\middleware\errors.py", line 186, in __call__
    raise exc
  File "C:\Users\infomax\Miniconda3\Lib\site-packages\starlette\middleware\errors.py", line 164, in __call__
    await self.app(scope, receive, _send)
  File "C:\Users\infomax\Miniconda3\Lib\site-packages\starlette\middleware\cors.py", line 96, in __call__
    await self.simple_response(scope, receive, send, request_headers=headers)
  File "C:\Users\infomax\Miniconda3\Lib\site-packages\starlette\middleware\cors.py", line 154, in simple_response
    await self.app(scope, receive, send)
  File "C:\Users\infomax\Miniconda3\Lib\site-packages\starlette\middleware\exceptions.py", line 63, in __call__
    await wrap_app_handling_exceptions(self.app, conn)(scope, receive, send)
  File "C:\Users\infomax\Miniconda3\Lib\site-packages\starlette\_exception_handler.py", line 53, in wrapped_app
    raise exc
  File "C:\Users\infomax\Miniconda3\Lib\site-packages\starlette\_exception_handler.py", line 42, in wrapped_app
    await app(scope, receive, sender)
  File "C:\Users\infomax\Miniconda3\Lib\site-packages\fastapi\middleware\asyncexitstack.py", line 18, in __call__
    await self.app(scope, receive, send)
  File "C:\Users\infomax\Miniconda3\Lib\site-packages\starlette\routing.py", line 660, in __call__
    await self.middleware_stack(scope, receive, send)
  File "C:\Users\infomax\Miniconda3\Lib\site-packages\fastapi\routing.py", line 2543, in app
    await route.handle(scope, receive, send)
  File "C:\Users\infomax\Miniconda3\Lib\site-packages\fastapi\routing.py", line 1241, in handle
    await super().handle(scope, receive, send)
  File "C:\Users\infomax\Miniconda3\Lib\site-packages\starlette\routing.py", line 276, in handle
    await self.app(scope, receive, send)
  File "C:\Users\infomax\Miniconda3\Lib\site-packages\fastapi\routing.py", line 150, in app
    await wrap_app_handling_exceptions(app, request)(scope, receive, send)
  File "C:\Users\infomax\Miniconda3\Lib\site-packages\starlette\_exception_handler.py", line 53, in wrapped_app
    raise exc
  File "C:\Users\infomax\Miniconda3\Lib\site-packages\starlette\_exception_handler.py", line 42, in wrapped_app
    await app(scope, receive, sender)
  File "C:\Users\infomax\Miniconda3\Lib\site-packages\fastapi\routing.py", line 136, in app
    response = await f(request)
               ^^^^^^^^^^^^^^^^
  File "C:\Users\infomax\Miniconda3\Lib\site-packages\fastapi\routing.py", line 690, in app
    raw_response = await run_endpoint_function(
                   ^^^^^^^^^^^^^^^^^^^^^^^^^^^^
    ...<3 lines>...
    )
    ^
  File "C:\Users\infomax\Miniconda3\Lib\site-packages\fastapi\routing.py", line 346, in run_endpoint_function
    return await run_in_threadpool(dependant.call, **values)
           ^^^^^^^^^^^^^^^^^^^^^^^^^^^^^^^^^^^^^^^^^^^^^^^^^
  File "C:\Users\infomax\Miniconda3\Lib\site-packages\starlette\concurrency.py", line 34, in run_in_threadpool
    return await anyio.to_thread.run_sync(func)
           ^^^^^^^^^^^^^^^^^^^^^^^^^^^^^^^^^^^^
  File "C:\Users\infomax\Miniconda3\Lib\site-packages\anyio\to_thread.py", line 63, in run_sync
    return await get_async_backend().run_sync_in_worker_thread(
           ^^^^^^^^^^^^^^^^^^^^^^^^^^^^^^^^^^^^^^^^^^^^^^^^^^^^
        func, args, abandon_on_cancel=abandon_on_cancel, limiter=limiter
        ^^^^^^^^^^^^^^^^^^^^^^^^^^^^^^^^^^^^^^^^^^^^^^^^^^^^^^^^^^^^^^^^
    )
    ^
  File "C:\Users\infomax\Miniconda3\Lib\site-packages\anyio\_backends\_asyncio.py", line 2502, in run_sync_in_worker_thread
    return await future
           ^^^^^^^^^^^^
  File "C:\Users\infomax\Miniconda3\Lib\site-packages\anyio\_backends\_asyncio.py", line 986, in run
    result = context.run(func, *args)
  File "D:\Projects\Projects_AS\IRS Pricer\irs_pricer\api.py", line 169, in market_data_range
    cd_rate: float
                ^^
  File "D:\Projects\Projects_AS\IRS Pricer\irs_pricer\api.py", line 83, in _all_dates
    if _EXCEL_PATH.exists():
                 ^^^^^^^^^^^
  File "D:\Projects\Projects_AS\IRS Pricer\irs_pricer\csv_loader.py", line 118, in common_dates
    sets = [set(_available_dates(data_dir / "CD_AAA_91D.csv"))]
                ~~~~~~~~~~~~~~~~^^^^^^^^^^^^^^^^^^^^^^^^^^^^^
  File "D:\Projects\Projects_AS\IRS Pricer\irs_pricer\csv_loader.py", line 79, in _available_dates
    with csv_path.open(encoding="utf-8-sig") as f:
         ~~~~~~~~~~~~~^^^^^^^^^^^^^^^^^^^^^^
  File "C:\Users\infomax\Miniconda3\Lib\pathlib\_local.py", line 537, in open
    return io.open(self, mode, buffering, encoding, errors, newline)
           ~~~~~~~^^^^^^^^^^^^^^^^^^^^^^^^^^^^^^^^^^^^^^^^^^^^^^^^^^
FileNotFoundError: [Errno 2] No such file or directory: 'D:\\Projects\\Projects_AS\\IRS Pricer\\CD_AAA_91D.csv'
ERROR:    Exception in ASGI application
Traceback (most recent call last):
  File "C:\Users\infomax\Miniconda3\Lib\site-packages\uvicorn\protocols\http\httptools_impl.py", line 421, in run_asgi
    result = await app(  # type: ignore[func-returns-value]
             ^^^^^^^^^^^^^^^^^^^^^^^^^^^^^^^^^^^^^^^^^^^^^^
        self.scope, self.receive, self.send
        ^^^^^^^^^^^^^^^^^^^^^^^^^^^^^^^^^^^
    )
    ^
  File "C:\Users\infomax\Miniconda3\Lib\site-packages\uvicorn\middleware\proxy_headers.py", line 62, in __call__
    return await self.app(scope, receive, send)
           ^^^^^^^^^^^^^^^^^^^^^^^^^^^^^^^^^^^^
  File "C:\Users\infomax\Miniconda3\Lib\site-packages\fastapi\applications.py", line 1163, in __call__
    await super().__call__(scope, receive, send)
  File "C:\Users\infomax\Miniconda3\Lib\site-packages\starlette\applications.py", line 90, in __call__
    await self.middleware_stack(scope, receive, send)
  File "C:\Users\infomax\Miniconda3\Lib\site-packages\starlette\middleware\errors.py", line 186, in __call__
    raise exc
  File "C:\Users\infomax\Miniconda3\Lib\site-packages\starlette\middleware\errors.py", line 164, in __call__
    await self.app(scope, receive, _send)
  File "C:\Users\infomax\Miniconda3\Lib\site-packages\starlette\middleware\cors.py", line 96, in __call__
    await self.simple_response(scope, receive, send, request_headers=headers)
  File "C:\Users\infomax\Miniconda3\Lib\site-packages\starlette\middleware\cors.py", line 154, in simple_response
    await self.app(scope, receive, send)
  File "C:\Users\infomax\Miniconda3\Lib\site-packages\starlette\middleware\exceptions.py", line 63, in __call__
    await wrap_app_handling_exceptions(self.app, conn)(scope, receive, send)
  File "C:\Users\infomax\Miniconda3\Lib\site-packages\starlette\_exception_handler.py", line 53, in wrapped_app
    raise exc
  File "C:\Users\infomax\Miniconda3\Lib\site-packages\starlette\_exception_handler.py", line 42, in wrapped_app
    await app(scope, receive, sender)
  File "C:\Users\infomax\Miniconda3\Lib\site-packages\fastapi\middleware\asyncexitstack.py", line 18, in __call__
    await self.app(scope, receive, send)
  File "C:\Users\infomax\Miniconda3\Lib\site-packages\starlette\routing.py", line 660, in __call__
    await self.middleware_stack(scope, receive, send)
  File "C:\Users\infomax\Miniconda3\Lib\site-packages\fastapi\routing.py", line 2543, in app
    await route.handle(scope, receive, send)
  File "C:\Users\infomax\Miniconda3\Lib\site-packages\fastapi\routing.py", line 1241, in handle
    await super().handle(scope, receive, send)
  File "C:\Users\infomax\Miniconda3\Lib\site-packages\starlette\routing.py", line 276, in handle
    await self.app(scope, receive, send)
  File "C:\Users\infomax\Miniconda3\Lib\site-packages\fastapi\routing.py", line 150, in app
    await wrap_app_handling_exceptions(app, request)(scope, receive, send)
  File "C:\Users\infomax\Miniconda3\Lib\site-packages\starlette\_exception_handler.py", line 53, in wrapped_app
    raise exc
  File "C:\Users\infomax\Miniconda3\Lib\site-packages\starlette\_exception_handler.py", line 42, in wrapped_app
    await app(scope, receive, sender)
  File "C:\Users\infomax\Miniconda3\Lib\site-packages\fastapi\routing.py", line 136, in app
    response = await f(request)
               ^^^^^^^^^^^^^^^^
  File "C:\Users\infomax\Miniconda3\Lib\site-packages\fastapi\routing.py", line 690, in app
    raw_response = await run_endpoint_function(
                   ^^^^^^^^^^^^^^^^^^^^^^^^^^^^
    ...<3 lines>...
    )
    ^
  File "C:\Users\infomax\Miniconda3\Lib\site-packages\fastapi\routing.py", line 346, in run_endpoint_function
    return await run_in_threadpool(dependant.call, **values)
           ^^^^^^^^^^^^^^^^^^^^^^^^^^^^^^^^^^^^^^^^^^^^^^^^^
  File "C:\Users\infomax\Miniconda3\Lib\site-packages\starlette\concurrency.py", line 34, in run_in_threadpool
    return await anyio.to_thread.run_sync(func)
           ^^^^^^^^^^^^^^^^^^^^^^^^^^^^^^^^^^^^
  File "C:\Users\infomax\Miniconda3\Lib\site-packages\anyio\to_thread.py", line 63, in run_sync
    return await get_async_backend().run_sync_in_worker_thread(
           ^^^^^^^^^^^^^^^^^^^^^^^^^^^^^^^^^^^^^^^^^^^^^^^^^^^^
        func, args, abandon_on_cancel=abandon_on_cancel, limiter=limiter
        ^^^^^^^^^^^^^^^^^^^^^^^^^^^^^^^^^^^^^^^^^^^^^^^^^^^^^^^^^^^^^^^^
    )
    ^
  File "C:\Users\infomax\Miniconda3\Lib\site-packages\anyio\_backends\_asyncio.py", line 2502, in run_sync_in_worker_thread
    return await future
           ^^^^^^^^^^^^
  File "C:\Users\infomax\Miniconda3\Lib\site-packages\anyio\_backends\_asyncio.py", line 986, in run
    result = context.run(func, *args)
  File "D:\Projects\Projects_AS\IRS Pricer\irs_pricer\api.py", line 169, in market_data_range
    cd_rate: float
                ^^
  File "D:\Projects\Projects_AS\IRS Pricer\irs_pricer\api.py", line 83, in _all_dates
    if _EXCEL_PATH.exists():
                 ^^^^^^^^^^^
  File "D:\Projects\Projects_AS\IRS Pricer\irs_pricer\csv_loader.py", line 118, in common_dates
    sets = [set(_available_dates(data_dir / "CD_AAA_91D.csv"))]
                ~~~~~~~~~~~~~~~~^^^^^^^^^^^^^^^^^^^^^^^^^^^^^
  File "D:\Projects\Projects_AS\IRS Pricer\irs_pricer\csv_loader.py", line 79, in _available_dates
    with csv_path.open(encoding="utf-8-sig") as f:
         ~~~~~~~~~~~~~^^^^^^^^^^^^^^^^^^^^^^
  File "C:\Users\infomax\Miniconda3\Lib\pathlib\_local.py", line 537, in open
    return io.open(self, mode, buffering, encoding, errors, newline)
           ~~~~~~~^^^^^^^^^^^^^^^^^^^^^^^^^^^^^^^^^^^^^^^^^^^^^^^^^^
FileNotFoundError: [Errno 2] No such file or directory: 'D:\\Projects\\Projects_AS\\IRS Pricer\\CD_AAA_91D.csv'
ERROR:    Exception in ASGI application
Traceback (most recent call last):
  File "C:\Users\infomax\Miniconda3\Lib\site-packages\uvicorn\protocols\http\httptools_impl.py", line 421, in run_asgi
    result = await app(  # type: ignore[func-returns-value]
             ^^^^^^^^^^^^^^^^^^^^^^^^^^^^^^^^^^^^^^^^^^^^^^
        self.scope, self.receive, self.send
        ^^^^^^^^^^^^^^^^^^^^^^^^^^^^^^^^^^^
    )
    ^
  File "C:\Users\infomax\Miniconda3\Lib\site-packages\uvicorn\middleware\proxy_headers.py", line 62, in __call__
    return await self.app(scope, receive, send)
           ^^^^^^^^^^^^^^^^^^^^^^^^^^^^^^^^^^^^
  File "C:\Users\infomax\Miniconda3\Lib\site-packages\fastapi\applications.py", line 1163, in __call__
    await super().__call__(scope, receive, send)
  File "C:\Users\infomax\Miniconda3\Lib\site-packages\starlette\applications.py", line 90, in __call__
    await self.middleware_stack(scope, receive, send)
  File "C:\Users\infomax\Miniconda3\Lib\site-packages\starlette\middleware\errors.py", line 186, in __call__
    raise exc
  File "C:\Users\infomax\Miniconda3\Lib\site-packages\starlette\middleware\errors.py", line 164, in __call__
    await self.app(scope, receive, _send)
  File "C:\Users\infomax\Miniconda3\Lib\site-packages\starlette\middleware\cors.py", line 96, in __call__
    await self.simple_response(scope, receive, send, request_headers=headers)
  File "C:\Users\infomax\Miniconda3\Lib\site-packages\starlette\middleware\cors.py", line 154, in simple_response
    await self.app(scope, receive, send)
  File "C:\Users\infomax\Miniconda3\Lib\site-packages\starlette\middleware\exceptions.py", line 63, in __call__
    await wrap_app_handling_exceptions(self.app, conn)(scope, receive, send)
  File "C:\Users\infomax\Miniconda3\Lib\site-packages\starlette\_exception_handler.py", line 53, in wrapped_app
    raise exc
  File "C:\Users\infomax\Miniconda3\Lib\site-packages\starlette\_exception_handler.py", line 42, in wrapped_app
    await app(scope, receive, sender)
  File "C:\Users\infomax\Miniconda3\Lib\site-packages\fastapi\middleware\asyncexitstack.py", line 18, in __call__
    await self.app(scope, receive, send)
  File "C:\Users\infomax\Miniconda3\Lib\site-packages\starlette\routing.py", line 660, in __call__
    await self.middleware_stack(scope, receive, send)
  File "C:\Users\infomax\Miniconda3\Lib\site-packages\fastapi\routing.py", line 2543, in app
    await route.handle(scope, receive, send)
  File "C:\Users\infomax\Miniconda3\Lib\site-packages\fastapi\routing.py", line 1241, in handle
    await super().handle(scope, receive, send)
  File "C:\Users\infomax\Miniconda3\Lib\site-packages\starlette\routing.py", line 276, in handle
    await self.app(scope, receive, send)
  File "C:\Users\infomax\Miniconda3\Lib\site-packages\fastapi\routing.py", line 150, in app
    await wrap_app_handling_exceptions(app, request)(scope, receive, send)
  File "C:\Users\infomax\Miniconda3\Lib\site-packages\starlette\_exception_handler.py", line 53, in wrapped_app
    raise exc
  File "C:\Users\infomax\Miniconda3\Lib\site-packages\starlette\_exception_handler.py", line 42, in wrapped_app
    await app(scope, receive, sender)
  File "C:\Users\infomax\Miniconda3\Lib\site-packages\fastapi\routing.py", line 136, in app
    response = await f(request)
               ^^^^^^^^^^^^^^^^
  File "C:\Users\infomax\Miniconda3\Lib\site-packages\fastapi\routing.py", line 690, in app
    raw_response = await run_endpoint_function(
                   ^^^^^^^^^^^^^^^^^^^^^^^^^^^^
    ...<3 lines>...
    )
    ^
  File "C:\Users\infomax\Miniconda3\Lib\site-packages\fastapi\routing.py", line 346, in run_endpoint_function
    return await run_in_threadpool(dependant.call, **values)
           ^^^^^^^^^^^^^^^^^^^^^^^^^^^^^^^^^^^^^^^^^^^^^^^^^
  File "C:\Users\infomax\Miniconda3\Lib\site-packages\starlette\concurrency.py", line 34, in run_in_threadpool
    return await anyio.to_thread.run_sync(func)
           ^^^^^^^^^^^^^^^^^^^^^^^^^^^^^^^^^^^^
  File "C:\Users\infomax\Miniconda3\Lib\site-packages\anyio\to_thread.py", line 63, in run_sync
    return await get_async_backend().run_sync_in_worker_thread(
           ^^^^^^^^^^^^^^^^^^^^^^^^^^^^^^^^^^^^^^^^^^^^^^^^^^^^
        func, args, abandon_on_cancel=abandon_on_cancel, limiter=limiter
        ^^^^^^^^^^^^^^^^^^^^^^^^^^^^^^^^^^^^^^^^^^^^^^^^^^^^^^^^^^^^^^^^
    )
    ^
  File "C:\Users\infomax\Miniconda3\Lib\site-packages\anyio\_backends\_asyncio.py", line 2502, in run_sync_in_worker_thread
    return await future
           ^^^^^^^^^^^^
  File "C:\Users\infomax\Miniconda3\Lib\site-packages\anyio\_backends\_asyncio.py", line 986, in run
    result = context.run(func, *args)
  File "D:\Projects\Projects_AS\IRS Pricer\irs_pricer\api.py", line 169, in market_data_range
    cd_rate: float
                ^^
  File "D:\Projects\Projects_AS\IRS Pricer\irs_pricer\api.py", line 83, in _all_dates
    if _EXCEL_PATH.exists():
                 ^^^^^^^^^^^
  File "D:\Projects\Projects_AS\IRS Pricer\irs_pricer\csv_loader.py", line 118, in common_dates
    sets = [set(_available_dates(data_dir / "CD_AAA_91D.csv"))]
                ~~~~~~~~~~~~~~~~^^^^^^^^^^^^^^^^^^^^^^^^^^^^^
  File "D:\Projects\Projects_AS\IRS Pricer\irs_pricer\csv_loader.py", line 79, in _available_dates
    with csv_path.open(encoding="utf-8-sig") as f:
         ~~~~~~~~~~~~~^^^^^^^^^^^^^^^^^^^^^^
  File "C:\Users\infomax\Miniconda3\Lib\pathlib\_local.py", line 537, in open
    return io.open(self, mode, buffering, encoding, errors, newline)
           ~~~~~~~^^^^^^^^^^^^^^^^^^^^^^^^^^^^^^^^^^^^^^^^^^^^^^^^^^
FileNotFoundError: [Errno 2] No such file or directory: 'D:\\Projects\\Projects_AS\\IRS Pricer\\CD_AAA_91D.csv'
ERROR:    Exception in ASGI application
Traceback (most recent call last):
  File "C:\Users\infomax\Miniconda3\Lib\site-packages\uvicorn\protocols\http\httptools_impl.py", line 421, in run_asgi
    result = await app(  # type: ignore[func-returns-value]
             ^^^^^^^^^^^^^^^^^^^^^^^^^^^^^^^^^^^^^^^^^^^^^^
        self.scope, self.receive, self.send
        ^^^^^^^^^^^^^^^^^^^^^^^^^^^^^^^^^^^
    )
    ^
  File "C:\Users\infomax\Miniconda3\Lib\site-packages\uvicorn\middleware\proxy_headers.py", line 62, in __call__
    return await self.app(scope, receive, send)
           ^^^^^^^^^^^^^^^^^^^^^^^^^^^^^^^^^^^^
  File "C:\Users\infomax\Miniconda3\Lib\site-packages\fastapi\applications.py", line 1163, in __call__
    await super().__call__(scope, receive, send)
  File "C:\Users\infomax\Miniconda3\Lib\site-packages\starlette\applications.py", line 90, in __call__
    await self.middleware_stack(scope, receive, send)
  File "C:\Users\infomax\Miniconda3\Lib\site-packages\starlette\middleware\errors.py", line 186, in __call__
    raise exc
  File "C:\Users\infomax\Miniconda3\Lib\site-packages\starlette\middleware\errors.py", line 164, in __call__
    await self.app(scope, receive, _send)
  File "C:\Users\infomax\Miniconda3\Lib\site-packages\starlette\middleware\cors.py", line 96, in __call__
    await self.simple_response(scope, receive, send, request_headers=headers)
  File "C:\Users\infomax\Miniconda3\Lib\site-packages\starlette\middleware\cors.py", line 154, in simple_response
    await self.app(scope, receive, send)
  File "C:\Users\infomax\Miniconda3\Lib\site-packages\starlette\middleware\exceptions.py", line 63, in __call__
    await wrap_app_handling_exceptions(self.app, conn)(scope, receive, send)
  File "C:\Users\infomax\Miniconda3\Lib\site-packages\starlette\_exception_handler.py", line 53, in wrapped_app
    raise exc
  File "C:\Users\infomax\Miniconda3\Lib\site-packages\starlette\_exception_handler.py", line 42, in wrapped_app
    await app(scope, receive, sender)
  File "C:\Users\infomax\Miniconda3\Lib\site-packages\fastapi\middleware\asyncexitstack.py", line 18, in __call__
    await self.app(scope, receive, send)
  File "C:\Users\infomax\Miniconda3\Lib\site-packages\starlette\routing.py", line 660, in __call__
    await self.middleware_stack(scope, receive, send)
  File "C:\Users\infomax\Miniconda3\Lib\site-packages\fastapi\routing.py", line 2543, in app
    await route.handle(scope, receive, send)
  File "C:\Users\infomax\Miniconda3\Lib\site-packages\fastapi\routing.py", line 1241, in handle
    await super().handle(scope, receive, send)
  File "C:\Users\infomax\Miniconda3\Lib\site-packages\starlette\routing.py", line 276, in handle
    await self.app(scope, receive, send)
  File "C:\Users\infomax\Miniconda3\Lib\site-packages\fastapi\routing.py", line 150, in app
    await wrap_app_handling_exceptions(app, request)(scope, receive, send)
  File "C:\Users\infomax\Miniconda3\Lib\site-packages\starlette\_exception_handler.py", line 53, in wrapped_app
    raise exc
  File "C:\Users\infomax\Miniconda3\Lib\site-packages\starlette\_exception_handler.py", line 42, in wrapped_app
    await app(scope, receive, sender)
  File "C:\Users\infomax\Miniconda3\Lib\site-packages\fastapi\routing.py", line 136, in app
    response = await f(request)
               ^^^^^^^^^^^^^^^^
  File "C:\Users\infomax\Miniconda3\Lib\site-packages\fastapi\routing.py", line 690, in app
    raw_response = await run_endpoint_function(
                   ^^^^^^^^^^^^^^^^^^^^^^^^^^^^
    ...<3 lines>...
    )
    ^
  File "C:\Users\infomax\Miniconda3\Lib\site-packages\fastapi\routing.py", line 346, in run_endpoint_function
    return await run_in_threadpool(dependant.call, **values)
           ^^^^^^^^^^^^^^^^^^^^^^^^^^^^^^^^^^^^^^^^^^^^^^^^^
  File "C:\Users\infomax\Miniconda3\Lib\site-packages\starlette\concurrency.py", line 34, in run_in_threadpool
    return await anyio.to_thread.run_sync(func)
           ^^^^^^^^^^^^^^^^^^^^^^^^^^^^^^^^^^^^
  File "C:\Users\infomax\Miniconda3\Lib\site-packages\anyio\to_thread.py", line 63, in run_sync
    return await get_async_backend().run_sync_in_worker_thread(
           ^^^^^^^^^^^^^^^^^^^^^^^^^^^^^^^^^^^^^^^^^^^^^^^^^^^^
        func, args, abandon_on_cancel=abandon_on_cancel, limiter=limiter
        ^^^^^^^^^^^^^^^^^^^^^^^^^^^^^^^^^^^^^^^^^^^^^^^^^^^^^^^^^^^^^^^^
    )
    ^
  File "C:\Users\infomax\Miniconda3\Lib\site-packages\anyio\_backends\_asyncio.py", line 2502, in run_sync_in_worker_thread
    return await future
           ^^^^^^^^^^^^
  File "C:\Users\infomax\Miniconda3\Lib\site-packages\anyio\_backends\_asyncio.py", line 986, in run
    result = context.run(func, *args)
  File "D:\Projects\Projects_AS\IRS Pricer\irs_pricer\api.py", line 169, in market_data_range
    cd_rate: float
                ^^
  File "D:\Projects\Projects_AS\IRS Pricer\irs_pricer\api.py", line 83, in _all_dates
    if _EXCEL_PATH.exists():
                 ^^^^^^^^^^^
  File "D:\Projects\Projects_AS\IRS Pricer\irs_pricer\csv_loader.py", line 118, in common_dates
    sets = [set(_available_dates(data_dir / "CD_AAA_91D.csv"))]
                ~~~~~~~~~~~~~~~~^^^^^^^^^^^^^^^^^^^^^^^^^^^^^
  File "D:\Projects\Projects_AS\IRS Pricer\irs_pricer\csv_loader.py", line 79, in _available_dates
    with csv_path.open(encoding="utf-8-sig") as f:
         ~~~~~~~~~~~~~^^^^^^^^^^^^^^^^^^^^^^
  File "C:\Users\infomax\Miniconda3\Lib\pathlib\_local.py", line 537, in open
    return io.open(self, mode, buffering, encoding, errors, newline)
           ~~~~~~~^^^^^^^^^^^^^^^^^^^^^^^^^^^^^^^^^^^^^^^^^^^^^^^^^^
FileNotFoundError: [Errno 2] No such file or directory: 'D:\\Projects\\Projects_AS\\IRS Pricer\\CD_AAA_91D.csv'
ERROR:    Exception in ASGI application
Traceback (most recent call last):
  File "C:\Users\infomax\Miniconda3\Lib\site-packages\uvicorn\protocols\http\httptools_impl.py", line 421, in run_asgi
    result = await app(  # type: ignore[func-returns-value]
             ^^^^^^^^^^^^^^^^^^^^^^^^^^^^^^^^^^^^^^^^^^^^^^
        self.scope, self.receive, self.send
        ^^^^^^^^^^^^^^^^^^^^^^^^^^^^^^^^^^^
    )
    ^
  File "C:\Users\infomax\Miniconda3\Lib\site-packages\uvicorn\middleware\proxy_headers.py", line 62, in __call__
    return await self.app(scope, receive, send)
           ^^^^^^^^^^^^^^^^^^^^^^^^^^^^^^^^^^^^
  File "C:\Users\infomax\Miniconda3\Lib\site-packages\fastapi\applications.py", line 1163, in __call__
    await super().__call__(scope, receive, send)
  File "C:\Users\infomax\Miniconda3\Lib\site-packages\starlette\applications.py", line 90, in __call__
    await self.middleware_stack(scope, receive, send)
  File "C:\Users\infomax\Miniconda3\Lib\site-packages\starlette\middleware\errors.py", line 186, in __call__
    raise exc
  File "C:\Users\infomax\Miniconda3\Lib\site-packages\starlette\middleware\errors.py", line 164, in __call__
    await self.app(scope, receive, _send)
  File "C:\Users\infomax\Miniconda3\Lib\site-packages\starlette\middleware\cors.py", line 96, in __call__
    await self.simple_response(scope, receive, send, request_headers=headers)
  File "C:\Users\infomax\Miniconda3\Lib\site-packages\starlette\middleware\cors.py", line 154, in simple_response
    await self.app(scope, receive, send)
  File "C:\Users\infomax\Miniconda3\Lib\site-packages\starlette\middleware\exceptions.py", line 63, in __call__
    await wrap_app_handling_exceptions(self.app, conn)(scope, receive, send)
  File "C:\Users\infomax\Miniconda3\Lib\site-packages\starlette\_exception_handler.py", line 53, in wrapped_app
    raise exc
  File "C:\Users\infomax\Miniconda3\Lib\site-packages\starlette\_exception_handler.py", line 42, in wrapped_app
    await app(scope, receive, sender)
  File "C:\Users\infomax\Miniconda3\Lib\site-packages\fastapi\middleware\asyncexitstack.py", line 18, in __call__
    await self.app(scope, receive, send)
  File "C:\Users\infomax\Miniconda3\Lib\site-packages\starlette\routing.py", line 660, in __call__
    await self.middleware_stack(scope, receive, send)
  File "C:\Users\infomax\Miniconda3\Lib\site-packages\fastapi\routing.py", line 2543, in app
    await route.handle(scope, receive, send)
  File "C:\Users\infomax\Miniconda3\Lib\site-packages\fastapi\routing.py", line 1241, in handle
    await super().handle(scope, receive, send)
  File "C:\Users\infomax\Miniconda3\Lib\site-packages\starlette\routing.py", line 276, in handle
    await self.app(scope, receive, send)
  File "C:\Users\infomax\Miniconda3\Lib\site-packages\fastapi\routing.py", line 150, in app
    await wrap_app_handling_exceptions(app, request)(scope, receive, send)
  File "C:\Users\infomax\Miniconda3\Lib\site-packages\starlette\_exception_handler.py", line 53, in wrapped_app
    raise exc
  File "C:\Users\infomax\Miniconda3\Lib\site-packages\starlette\_exception_handler.py", line 42, in wrapped_app
    await app(scope, receive, sender)
  File "C:\Users\infomax\Miniconda3\Lib\site-packages\fastapi\routing.py", line 136, in app
    response = await f(request)
               ^^^^^^^^^^^^^^^^
  File "C:\Users\infomax\Miniconda3\Lib\site-packages\fastapi\routing.py", line 690, in app
    raw_response = await run_endpoint_function(
                   ^^^^^^^^^^^^^^^^^^^^^^^^^^^^
    ...<3 lines>...
    )
    ^
  File "C:\Users\infomax\Miniconda3\Lib\site-packages\fastapi\routing.py", line 346, in run_endpoint_function
    return await run_in_threadpool(dependant.call, **values)
           ^^^^^^^^^^^^^^^^^^^^^^^^^^^^^^^^^^^^^^^^^^^^^^^^^
  File "C:\Users\infomax\Miniconda3\Lib\site-packages\starlette\concurrency.py", line 34, in run_in_threadpool
    return await anyio.to_thread.run_sync(func)
           ^^^^^^^^^^^^^^^^^^^^^^^^^^^^^^^^^^^^
  File "C:\Users\infomax\Miniconda3\Lib\site-packages\anyio\to_thread.py", line 63, in run_sync
    return await get_async_backend().run_sync_in_worker_thread(
           ^^^^^^^^^^^^^^^^^^^^^^^^^^^^^^^^^^^^^^^^^^^^^^^^^^^^
        func, args, abandon_on_cancel=abandon_on_cancel, limiter=limiter
        ^^^^^^^^^^^^^^^^^^^^^^^^^^^^^^^^^^^^^^^^^^^^^^^^^^^^^^^^^^^^^^^^
    )
    ^
  File "C:\Users\infomax\Miniconda3\Lib\site-packages\anyio\_backends\_asyncio.py", line 2502, in run_sync_in_worker_thread
    return await future
           ^^^^^^^^^^^^
  File "C:\Users\infomax\Miniconda3\Lib\site-packages\anyio\_backends\_asyncio.py", line 986, in run
    result = context.run(func, *args)
  File "D:\Projects\Projects_AS\IRS Pricer\irs_pricer\api.py", line 178, in market_data
  File "D:\Projects\Projects_AS\IRS Pricer\irs_pricer\api.py", line 70, in _load_snapshot
    return load_market_snapshot_xl(_EXCEL_PATH, valuation_date)
    ^^^^^^^^^^^^^^^^^^^^^^^^^^^^^^^^^^^^^^^^^^^^^
  File "D:\Projects\Projects_AS\IRS Pricer\irs_pricer\csv_loader.py", line 184, in load_market_snapshot
    return load_market_snapshot_csv(source, valuation_date)
  File "D:\Projects\Projects_AS\IRS Pricer\irs_pricer\csv_loader.py", line 151, in load_market_snapshot_csv
    raw_cd = _lookup_date(data_dir / "CD_AAA_91D.csv", valuation_date, col=1)
  File "D:\Projects\Projects_AS\IRS Pricer\irs_pricer\csv_loader.py", line 59, in _lookup_date
    with csv_path.open(encoding="utf-8-sig") as f:
         ~~~~~~~~~~~~~^^^^^^^^^^^^^^^^^^^^^^
  File "C:\Users\infomax\Miniconda3\Lib\pathlib\_local.py", line 537, in open
    return io.open(self, mode, buffering, encoding, errors, newline)
           ~~~~~~~^^^^^^^^^^^^^^^^^^^^^^^^^^^^^^^^^^^^^^^^^^^^^^^^^^
FileNotFoundError: [Errno 2] No such file or directory: 'D:\\Projects\\Projects_AS\\IRS Pricer\\CD_AAA_91D.csv'
ERROR:    Exception in ASGI application
Traceback (most recent call last):
  File "C:\Users\infomax\Miniconda3\Lib\site-packages\uvicorn\protocols\http\httptools_impl.py", line 421, in run_asgi
    result = await app(  # type: ignore[func-returns-value]
             ^^^^^^^^^^^^^^^^^^^^^^^^^^^^^^^^^^^^^^^^^^^^^^
        self.scope, self.receive, self.send
        ^^^^^^^^^^^^^^^^^^^^^^^^^^^^^^^^^^^
    )
    ^
  File "C:\Users\infomax\Miniconda3\Lib\site-packages\uvicorn\middleware\proxy_headers.py", line 62, in __call__
    return await self.app(scope, receive, send)
           ^^^^^^^^^^^^^^^^^^^^^^^^^^^^^^^^^^^^
  File "C:\Users\infomax\Miniconda3\Lib\site-packages\fastapi\applications.py", line 1163, in __call__
    await super().__call__(scope, receive, send)
  File "C:\Users\infomax\Miniconda3\Lib\site-packages\starlette\applications.py", line 90, in __call__
    await self.middleware_stack(scope, receive, send)
  File "C:\Users\infomax\Miniconda3\Lib\site-packages\starlette\middleware\errors.py", line 186, in __call__
    raise exc
  File "C:\Users\infomax\Miniconda3\Lib\site-packages\starlette\middleware\errors.py", line 164, in __call__
    await self.app(scope, receive, _send)
  File "C:\Users\infomax\Miniconda3\Lib\site-packages\starlette\middleware\cors.py", line 96, in __call__
    await self.simple_response(scope, receive, send, request_headers=headers)
  File "C:\Users\infomax\Miniconda3\Lib\site-packages\starlette\middleware\cors.py", line 154, in simple_response
    await self.app(scope, receive, send)
  File "C:\Users\infomax\Miniconda3\Lib\site-packages\starlette\middleware\exceptions.py", line 63, in __call__
    await wrap_app_handling_exceptions(self.app, conn)(scope, receive, send)
  File "C:\Users\infomax\Miniconda3\Lib\site-packages\starlette\_exception_handler.py", line 53, in wrapped_app
    raise exc
  File "C:\Users\infomax\Miniconda3\Lib\site-packages\starlette\_exception_handler.py", line 42, in wrapped_app
    await app(scope, receive, sender)
  File "C:\Users\infomax\Miniconda3\Lib\site-packages\fastapi\middleware\asyncexitstack.py", line 18, in __call__
    await self.app(scope, receive, send)
  File "C:\Users\infomax\Miniconda3\Lib\site-packages\starlette\routing.py", line 660, in __call__
    await self.middleware_stack(scope, receive, send)
  File "C:\Users\infomax\Miniconda3\Lib\site-packages\fastapi\routing.py", line 2543, in app
    await route.handle(scope, receive, send)
  File "C:\Users\infomax\Miniconda3\Lib\site-packages\fastapi\routing.py", line 1241, in handle
    await super().handle(scope, receive, send)
  File "C:\Users\infomax\Miniconda3\Lib\site-packages\starlette\routing.py", line 276, in handle
    await self.app(scope, receive, send)
  File "C:\Users\infomax\Miniconda3\Lib\site-packages\fastapi\routing.py", line 150, in app
    await wrap_app_handling_exceptions(app, request)(scope, receive, send)
  File "C:\Users\infomax\Miniconda3\Lib\site-packages\starlette\_exception_handler.py", line 53, in wrapped_app
    raise exc
  File "C:\Users\infomax\Miniconda3\Lib\site-packages\starlette\_exception_handler.py", line 42, in wrapped_app
    await app(scope, receive, sender)
  File "C:\Users\infomax\Miniconda3\Lib\site-packages\fastapi\routing.py", line 136, in app
    response = await f(request)
               ^^^^^^^^^^^^^^^^
  File "C:\Users\infomax\Miniconda3\Lib\site-packages\fastapi\routing.py", line 690, in app
    raw_response = await run_endpoint_function(
                   ^^^^^^^^^^^^^^^^^^^^^^^^^^^^
    ...<3 lines>...
    )
    ^
  File "C:\Users\infomax\Miniconda3\Lib\site-packages\fastapi\routing.py", line 346, in run_endpoint_function
    return await run_in_threadpool(dependant.call, **values)
           ^^^^^^^^^^^^^^^^^^^^^^^^^^^^^^^^^^^^^^^^^^^^^^^^^
  File "C:\Users\infomax\Miniconda3\Lib\site-packages\starlette\concurrency.py", line 34, in run_in_threadpool
    return await anyio.to_thread.run_sync(func)
           ^^^^^^^^^^^^^^^^^^^^^^^^^^^^^^^^^^^^
  File "C:\Users\infomax\Miniconda3\Lib\site-packages\anyio\to_thread.py", line 63, in run_sync
    return await get_async_backend().run_sync_in_worker_thread(
           ^^^^^^^^^^^^^^^^^^^^^^^^^^^^^^^^^^^^^^^^^^^^^^^^^^^^
        func, args, abandon_on_cancel=abandon_on_cancel, limiter=limiter
        ^^^^^^^^^^^^^^^^^^^^^^^^^^^^^^^^^^^^^^^^^^^^^^^^^^^^^^^^^^^^^^^^
    )
    ^
  File "C:\Users\infomax\Miniconda3\Lib\site-packages\anyio\_backends\_asyncio.py", line 2502, in run_sync_in_worker_thread
    return await future
           ^^^^^^^^^^^^
  File "C:\Users\infomax\Miniconda3\Lib\site-packages\anyio\_backends\_asyncio.py", line 986, in run
    result = context.run(func, *args)
  File "D:\Projects\Projects_AS\IRS Pricer\irs_pricer\api.py", line 169, in market_data_range
    cd_rate: float
                ^^
  File "D:\Projects\Projects_AS\IRS Pricer\irs_pricer\api.py", line 83, in _all_dates
    if _EXCEL_PATH.exists():
                 ^^^^^^^^^^^
  File "D:\Projects\Projects_AS\IRS Pricer\irs_pricer\csv_loader.py", line 118, in common_dates
    sets = [set(_available_dates(data_dir / "CD_AAA_91D.csv"))]
                ~~~~~~~~~~~~~~~~^^^^^^^^^^^^^^^^^^^^^^^^^^^^^
  File "D:\Projects\Projects_AS\IRS Pricer\irs_pricer\csv_loader.py", line 79, in _available_dates
    with csv_path.open(encoding="utf-8-sig") as f:
         ~~~~~~~~~~~~~^^^^^^^^^^^^^^^^^^^^^^
  File "C:\Users\infomax\Miniconda3\Lib\pathlib\_local.py", line 537, in open
    return io.open(self, mode, buffering, encoding, errors, newline)
           ~~~~~~~^^^^^^^^^^^^^^^^^^^^^^^^^^^^^^^^^^^^^^^^^^^^^^^^^^
FileNotFoundError: [Errno 2] No such file or directory: 'D:\\Projects\\Projects_AS\\IRS Pricer\\CD_AAA_91D.csv'
ERROR:    Exception in ASGI application
Traceback (most recent call last):
  File "C:\Users\infomax\Miniconda3\Lib\site-packages\uvicorn\protocols\http\httptools_impl.py", line 421, in run_asgi
    result = await app(  # type: ignore[func-returns-value]
             ^^^^^^^^^^^^^^^^^^^^^^^^^^^^^^^^^^^^^^^^^^^^^^
        self.scope, self.receive, self.send
        ^^^^^^^^^^^^^^^^^^^^^^^^^^^^^^^^^^^
    )
    ^
  File "C:\Users\infomax\Miniconda3\Lib\site-packages\uvicorn\middleware\proxy_headers.py", line 62, in __call__
    return await self.app(scope, receive, send)
           ^^^^^^^^^^^^^^^^^^^^^^^^^^^^^^^^^^^^
  File "C:\Users\infomax\Miniconda3\Lib\site-packages\fastapi\applications.py", line 1163, in __call__
    await super().__call__(scope, receive, send)
  File "C:\Users\infomax\Miniconda3\Lib\site-packages\starlette\applications.py", line 90, in __call__
    await self.middleware_stack(scope, receive, send)
  File "C:\Users\infomax\Miniconda3\Lib\site-packages\starlette\middleware\errors.py", line 186, in __call__
    raise exc
  File "C:\Users\infomax\Miniconda3\Lib\site-packages\starlette\middleware\errors.py", line 164, in __call__
    await self.app(scope, receive, _send)
  File "C:\Users\infomax\Miniconda3\Lib\site-packages\starlette\middleware\cors.py", line 96, in __call__
    await self.simple_response(scope, receive, send, request_headers=headers)
  File "C:\Users\infomax\Miniconda3\Lib\site-packages\starlette\middleware\cors.py", line 154, in simple_response
    await self.app(scope, receive, send)
  File "C:\Users\infomax\Miniconda3\Lib\site-packages\starlette\middleware\exceptions.py", line 63, in __call__
    await wrap_app_handling_exceptions(self.app, conn)(scope, receive, send)
  File "C:\Users\infomax\Miniconda3\Lib\site-packages\starlette\_exception_handler.py", line 53, in wrapped_app
    raise exc
  File "C:\Users\infomax\Miniconda3\Lib\site-packages\starlette\_exception_handler.py", line 42, in wrapped_app
    await app(scope, receive, sender)
  File "C:\Users\infomax\Miniconda3\Lib\site-packages\fastapi\middleware\asyncexitstack.py", line 18, in __call__
    await self.app(scope, receive, send)
  File "C:\Users\infomax\Miniconda3\Lib\site-packages\starlette\routing.py", line 660, in __call__
    await self.middleware_stack(scope, receive, send)
  File "C:\Users\infomax\Miniconda3\Lib\site-packages\fastapi\routing.py", line 2543, in app
    await route.handle(scope, receive, send)
  File "C:\Users\infomax\Miniconda3\Lib\site-packages\fastapi\routing.py", line 1241, in handle
    await super().handle(scope, receive, send)
  File "C:\Users\infomax\Miniconda3\Lib\site-packages\starlette\routing.py", line 276, in handle
    await self.app(scope, receive, send)
  File "C:\Users\infomax\Miniconda3\Lib\site-packages\fastapi\routing.py", line 150, in app
    await wrap_app_handling_exceptions(app, request)(scope, receive, send)
  File "C:\Users\infomax\Miniconda3\Lib\site-packages\starlette\_exception_handler.py", line 53, in wrapped_app
    raise exc
  File "C:\Users\infomax\Miniconda3\Lib\site-packages\starlette\_exception_handler.py", line 42, in wrapped_app
    await app(scope, receive, sender)
  File "C:\Users\infomax\Miniconda3\Lib\site-packages\fastapi\routing.py", line 136, in app
    response = await f(request)
               ^^^^^^^^^^^^^^^^
  File "C:\Users\infomax\Miniconda3\Lib\site-packages\fastapi\routing.py", line 690, in app
    raw_response = await run_endpoint_function(
                   ^^^^^^^^^^^^^^^^^^^^^^^^^^^^
    ...<3 lines>...
    )
    ^
  File "C:\Users\infomax\Miniconda3\Lib\site-packages\fastapi\routing.py", line 346, in run_endpoint_function
    return await run_in_threadpool(dependant.call, **values)
           ^^^^^^^^^^^^^^^^^^^^^^^^^^^^^^^^^^^^^^^^^^^^^^^^^
  File "C:\Users\infomax\Miniconda3\Lib\site-packages\starlette\concurrency.py", line 34, in run_in_threadpool
    return await anyio.to_thread.run_sync(func)
           ^^^^^^^^^^^^^^^^^^^^^^^^^^^^^^^^^^^^
  File "C:\Users\infomax\Miniconda3\Lib\site-packages\anyio\to_thread.py", line 63, in run_sync
    return await get_async_backend().run_sync_in_worker_thread(
           ^^^^^^^^^^^^^^^^^^^^^^^^^^^^^^^^^^^^^^^^^^^^^^^^^^^^
        func, args, abandon_on_cancel=abandon_on_cancel, limiter=limiter
        ^^^^^^^^^^^^^^^^^^^^^^^^^^^^^^^^^^^^^^^^^^^^^^^^^^^^^^^^^^^^^^^^
    )
    ^
  File "C:\Users\infomax\Miniconda3\Lib\site-packages\anyio\_backends\_asyncio.py", line 2502, in run_sync_in_worker_thread
    return await future
           ^^^^^^^^^^^^
  File "C:\Users\infomax\Miniconda3\Lib\site-packages\anyio\_backends\_asyncio.py", line 986, in run
    result = context.run(func, *args)
  File "D:\Projects\Projects_AS\IRS Pricer\irs_pricer\api.py", line 169, in market_data_range
    cd_rate: float
                ^^
  File "D:\Projects\Projects_AS\IRS Pricer\irs_pricer\api.py", line 83, in _all_dates
    if _EXCEL_PATH.exists():
                 ^^^^^^^^^^^
  File "D:\Projects\Projects_AS\IRS Pricer\irs_pricer\csv_loader.py", line 118, in common_dates
    sets = [set(_available_dates(data_dir / "CD_AAA_91D.csv"))]
                ~~~~~~~~~~~~~~~~^^^^^^^^^^^^^^^^^^^^^^^^^^^^^
  File "D:\Projects\Projects_AS\IRS Pricer\irs_pricer\csv_loader.py", line 79, in _available_dates
    with csv_path.open(encoding="utf-8-sig") as f:
         ~~~~~~~~~~~~~^^^^^^^^^^^^^^^^^^^^^^
  File "C:\Users\infomax\Miniconda3\Lib\pathlib\_local.py", line 537, in open
    return io.open(self, mode, buffering, encoding, errors, newline)
           ~~~~~~~^^^^^^^^^^^^^^^^^^^^^^^^^^^^^^^^^^^^^^^^^^^^^^^^^^
FileNotFoundError: [Errno 2] No such file or directory: 'D:\\Projects\\Projects_AS\\IRS Pricer\\CD_AAA_91D.csv'
ERROR:    Exception in ASGI application
Traceback (most recent call last):
  File "C:\Users\infomax\Miniconda3\Lib\site-packages\uvicorn\protocols\http\httptools_impl.py", line 421, in run_asgi
    result = await app(  # type: ignore[func-returns-value]
             ^^^^^^^^^^^^^^^^^^^^^^^^^^^^^^^^^^^^^^^^^^^^^^
        self.scope, self.receive, self.send
        ^^^^^^^^^^^^^^^^^^^^^^^^^^^^^^^^^^^
    )
    ^
  File "C:\Users\infomax\Miniconda3\Lib\site-packages\uvicorn\middleware\proxy_headers.py", line 62, in __call__
    return await self.app(scope, receive, send)
           ^^^^^^^^^^^^^^^^^^^^^^^^^^^^^^^^^^^^
  File "C:\Users\infomax\Miniconda3\Lib\site-packages\fastapi\applications.py", line 1163, in __call__
    await super().__call__(scope, receive, send)
  File "C:\Users\infomax\Miniconda3\Lib\site-packages\starlette\applications.py", line 90, in __call__
    await self.middleware_stack(scope, receive, send)
  File "C:\Users\infomax\Miniconda3\Lib\site-packages\starlette\middleware\errors.py", line 186, in __call__
    raise exc
  File "C:\Users\infomax\Miniconda3\Lib\site-packages\starlette\middleware\errors.py", line 164, in __call__
    await self.app(scope, receive, _send)
  File "C:\Users\infomax\Miniconda3\Lib\site-packages\starlette\middleware\cors.py", line 96, in __call__
    await self.simple_response(scope, receive, send, request_headers=headers)
  File "C:\Users\infomax\Miniconda3\Lib\site-packages\starlette\middleware\cors.py", line 154, in simple_response
    await self.app(scope, receive, send)
  File "C:\Users\infomax\Miniconda3\Lib\site-packages\starlette\middleware\exceptions.py", line 63, in __call__
    await wrap_app_handling_exceptions(self.app, conn)(scope, receive, send)
  File "C:\Users\infomax\Miniconda3\Lib\site-packages\starlette\_exception_handler.py", line 53, in wrapped_app
    raise exc
  File "C:\Users\infomax\Miniconda3\Lib\site-packages\starlette\_exception_handler.py", line 42, in wrapped_app
    await app(scope, receive, sender)
  File "C:\Users\infomax\Miniconda3\Lib\site-packages\fastapi\middleware\asyncexitstack.py", line 18, in __call__
    await self.app(scope, receive, send)
  File "C:\Users\infomax\Miniconda3\Lib\site-packages\starlette\routing.py", line 660, in __call__
    await self.middleware_stack(scope, receive, send)
  File "C:\Users\infomax\Miniconda3\Lib\site-packages\fastapi\routing.py", line 2543, in app
    await route.handle(scope, receive, send)
  File "C:\Users\infomax\Miniconda3\Lib\site-packages\fastapi\routing.py", line 1241, in handle
    await super().handle(scope, receive, send)
  File "C:\Users\infomax\Miniconda3\Lib\site-packages\starlette\routing.py", line 276, in handle
    await self.app(scope, receive, send)
  File "C:\Users\infomax\Miniconda3\Lib\site-packages\fastapi\routing.py", line 150, in app
    await wrap_app_handling_exceptions(app, request)(scope, receive, send)
  File "C:\Users\infomax\Miniconda3\Lib\site-packages\starlette\_exception_handler.py", line 53, in wrapped_app
    raise exc
  File "C:\Users\infomax\Miniconda3\Lib\site-packages\starlette\_exception_handler.py", line 42, in wrapped_app
    await app(scope, receive, sender)
  File "C:\Users\infomax\Miniconda3\Lib\site-packages\fastapi\routing.py", line 136, in app
    response = await f(request)
               ^^^^^^^^^^^^^^^^
  File "C:\Users\infomax\Miniconda3\Lib\site-packages\fastapi\routing.py", line 690, in app
    raw_response = await run_endpoint_function(
                   ^^^^^^^^^^^^^^^^^^^^^^^^^^^^
    ...<3 lines>...
    )
    ^
  File "C:\Users\infomax\Miniconda3\Lib\site-packages\fastapi\routing.py", line 346, in run_endpoint_function
    return await run_in_threadpool(dependant.call, **values)
           ^^^^^^^^^^^^^^^^^^^^^^^^^^^^^^^^^^^^^^^^^^^^^^^^^
  File "C:\Users\infomax\Miniconda3\Lib\site-packages\starlette\concurrency.py", line 34, in run_in_threadpool
    return await anyio.to_thread.run_sync(func)
           ^^^^^^^^^^^^^^^^^^^^^^^^^^^^^^^^^^^^
  File "C:\Users\infomax\Miniconda3\Lib\site-packages\anyio\to_thread.py", line 63, in run_sync
    return await get_async_backend().run_sync_in_worker_thread(
           ^^^^^^^^^^^^^^^^^^^^^^^^^^^^^^^^^^^^^^^^^^^^^^^^^^^^
        func, args, abandon_on_cancel=abandon_on_cancel, limiter=limiter
        ^^^^^^^^^^^^^^^^^^^^^^^^^^^^^^^^^^^^^^^^^^^^^^^^^^^^^^^^^^^^^^^^
    )
    ^
  File "C:\Users\infomax\Miniconda3\Lib\site-packages\anyio\_backends\_asyncio.py", line 2502, in run_sync_in_worker_thread
    return await future
           ^^^^^^^^^^^^
  File "C:\Users\infomax\Miniconda3\Lib\site-packages\anyio\_backends\_asyncio.py", line 986, in run
    result = context.run(func, *args)
  File "D:\Projects\Projects_AS\IRS Pricer\irs_pricer\api.py", line 169, in market_data_range
    cd_rate: float
                ^^
  File "D:\Projects\Projects_AS\IRS Pricer\irs_pricer\api.py", line 83, in _all_dates
    if _EXCEL_PATH.exists():
                 ^^^^^^^^^^^
  File "D:\Projects\Projects_AS\IRS Pricer\irs_pricer\csv_loader.py", line 118, in common_dates
    sets = [set(_available_dates(data_dir / "CD_AAA_91D.csv"))]
                ~~~~~~~~~~~~~~~~^^^^^^^^^^^^^^^^^^^^^^^^^^^^^
  File "D:\Projects\Projects_AS\IRS Pricer\irs_pricer\csv_loader.py", line 79, in _available_dates
    with csv_path.open(encoding="utf-8-sig") as f:
         ~~~~~~~~~~~~~^^^^^^^^^^^^^^^^^^^^^^
  File "C:\Users\infomax\Miniconda3\Lib\pathlib\_local.py", line 537, in open
    return io.open(self, mode, buffering, encoding, errors, newline)
           ~~~~~~~^^^^^^^^^^^^^^^^^^^^^^^^^^^^^^^^^^^^^^^^^^^^^^^^^^
FileNotFoundError: [Errno 2] No such file or directory: 'D:\\Projects\\Projects_AS\\IRS Pricer\\CD_AAA_91D.csv'
ERROR:    Exception in ASGI application
Traceback (most recent call last):
  File "C:\Users\infomax\Miniconda3\Lib\site-packages\uvicorn\protocols\http\httptools_impl.py", line 421, in run_asgi
    result = await app(  # type: ignore[func-returns-value]
             ^^^^^^^^^^^^^^^^^^^^^^^^^^^^^^^^^^^^^^^^^^^^^^
        self.scope, self.receive, self.send
        ^^^^^^^^^^^^^^^^^^^^^^^^^^^^^^^^^^^
    )
    ^
  File "C:\Users\infomax\Miniconda3\Lib\site-packages\uvicorn\middleware\proxy_headers.py", line 62, in __call__
    return await self.app(scope, receive, send)
           ^^^^^^^^^^^^^^^^^^^^^^^^^^^^^^^^^^^^
  File "C:\Users\infomax\Miniconda3\Lib\site-packages\fastapi\applications.py", line 1163, in __call__
    await super().__call__(scope, receive, send)
  File "C:\Users\infomax\Miniconda3\Lib\site-packages\starlette\applications.py", line 90, in __call__
    await self.middleware_stack(scope, receive, send)
  File "C:\Users\infomax\Miniconda3\Lib\site-packages\starlette\middleware\errors.py", line 186, in __call__
    raise exc
  File "C:\Users\infomax\Miniconda3\Lib\site-packages\starlette\middleware\errors.py", line 164, in __call__
    await self.app(scope, receive, _send)
  File "C:\Users\infomax\Miniconda3\Lib\site-packages\starlette\middleware\cors.py", line 96, in __call__
    await self.simple_response(scope, receive, send, request_headers=headers)
  File "C:\Users\infomax\Miniconda3\Lib\site-packages\starlette\middleware\cors.py", line 154, in simple_response
    await self.app(scope, receive, send)
  File "C:\Users\infomax\Miniconda3\Lib\site-packages\starlette\middleware\exceptions.py", line 63, in __call__
    await wrap_app_handling_exceptions(self.app, conn)(scope, receive, send)
  File "C:\Users\infomax\Miniconda3\Lib\site-packages\starlette\_exception_handler.py", line 53, in wrapped_app
    raise exc
  File "C:\Users\infomax\Miniconda3\Lib\site-packages\starlette\_exception_handler.py", line 42, in wrapped_app
    await app(scope, receive, sender)
  File "C:\Users\infomax\Miniconda3\Lib\site-packages\fastapi\middleware\asyncexitstack.py", line 18, in __call__
    await self.app(scope, receive, send)
  File "C:\Users\infomax\Miniconda3\Lib\site-packages\starlette\routing.py", line 660, in __call__
    await self.middleware_stack(scope, receive, send)
  File "C:\Users\infomax\Miniconda3\Lib\site-packages\fastapi\routing.py", line 2543, in app
    await route.handle(scope, receive, send)
  File "C:\Users\infomax\Miniconda3\Lib\site-packages\fastapi\routing.py", line 1241, in handle
    await super().handle(scope, receive, send)
  File "C:\Users\infomax\Miniconda3\Lib\site-packages\starlette\routing.py", line 276, in handle
    await self.app(scope, receive, send)
  File "C:\Users\infomax\Miniconda3\Lib\site-packages\fastapi\routing.py", line 150, in app
    await wrap_app_handling_exceptions(app, request)(scope, receive, send)
  File "C:\Users\infomax\Miniconda3\Lib\site-packages\starlette\_exception_handler.py", line 53, in wrapped_app
    raise exc
  File "C:\Users\infomax\Miniconda3\Lib\site-packages\starlette\_exception_handler.py", line 42, in wrapped_app
    await app(scope, receive, sender)
  File "C:\Users\infomax\Miniconda3\Lib\site-packages\fastapi\routing.py", line 136, in app
    response = await f(request)
               ^^^^^^^^^^^^^^^^
  File "C:\Users\infomax\Miniconda3\Lib\site-packages\fastapi\routing.py", line 690, in app
    raw_response = await run_endpoint_function(
                   ^^^^^^^^^^^^^^^^^^^^^^^^^^^^
    ...<3 lines>...
    )
    ^
  File "C:\Users\infomax\Miniconda3\Lib\site-packages\fastapi\routing.py", line 346, in run_endpoint_function
    return await run_in_threadpool(dependant.call, **values)
           ^^^^^^^^^^^^^^^^^^^^^^^^^^^^^^^^^^^^^^^^^^^^^^^^^
  File "C:\Users\infomax\Miniconda3\Lib\site-packages\starlette\concurrency.py", line 34, in run_in_threadpool
    return await anyio.to_thread.run_sync(func)
           ^^^^^^^^^^^^^^^^^^^^^^^^^^^^^^^^^^^^
  File "C:\Users\infomax\Miniconda3\Lib\site-packages\anyio\to_thread.py", line 63, in run_sync
    return await get_async_backend().run_sync_in_worker_thread(
           ^^^^^^^^^^^^^^^^^^^^^^^^^^^^^^^^^^^^^^^^^^^^^^^^^^^^
        func, args, abandon_on_cancel=abandon_on_cancel, limiter=limiter
        ^^^^^^^^^^^^^^^^^^^^^^^^^^^^^^^^^^^^^^^^^^^^^^^^^^^^^^^^^^^^^^^^
    )
    ^
  File "C:\Users\infomax\Miniconda3\Lib\site-packages\anyio\_backends\_asyncio.py", line 2502, in run_sync_in_worker_thread
    return await future
           ^^^^^^^^^^^^
  File "C:\Users\infomax\Miniconda3\Lib\site-packages\anyio\_backends\_asyncio.py", line 986, in run
    result = context.run(func, *args)
  File "D:\Projects\Projects_AS\IRS Pricer\irs_pricer\api.py", line 169, in market_data_range
    cd_rate: float
                ^^
  File "D:\Projects\Projects_AS\IRS Pricer\irs_pricer\api.py", line 83, in _all_dates
    if _EXCEL_PATH.exists():
                 ^^^^^^^^^^^
  File "D:\Projects\Projects_AS\IRS Pricer\irs_pricer\csv_loader.py", line 118, in common_dates
    sets = [set(_available_dates(data_dir / "CD_AAA_91D.csv"))]
                ~~~~~~~~~~~~~~~~^^^^^^^^^^^^^^^^^^^^^^^^^^^^^
  File "D:\Projects\Projects_AS\IRS Pricer\irs_pricer\csv_loader.py", line 79, in _available_dates
    with csv_path.open(encoding="utf-8-sig") as f:
         ~~~~~~~~~~~~~^^^^^^^^^^^^^^^^^^^^^^
  File "C:\Users\infomax\Miniconda3\Lib\pathlib\_local.py", line 537, in open
    return io.open(self, mode, buffering, encoding, errors, newline)
           ~~~~~~~^^^^^^^^^^^^^^^^^^^^^^^^^^^^^^^^^^^^^^^^^^^^^^^^^^
FileNotFoundError: [Errno 2] No such file or directory: 'D:\\Projects\\Projects_AS\\IRS Pricer\\CD_AAA_91D.csv'
ERROR:    Exception in ASGI application
Traceback (most recent call last):
  File "C:\Users\infomax\Miniconda3\Lib\site-packages\uvicorn\protocols\http\httptools_impl.py", line 421, in run_asgi
    result = await app(  # type: ignore[func-returns-value]
             ^^^^^^^^^^^^^^^^^^^^^^^^^^^^^^^^^^^^^^^^^^^^^^
        self.scope, self.receive, self.send
        ^^^^^^^^^^^^^^^^^^^^^^^^^^^^^^^^^^^
    )
    ^
  File "C:\Users\infomax\Miniconda3\Lib\site-packages\uvicorn\middleware\proxy_headers.py", line 62, in __call__
    return await self.app(scope, receive, send)
           ^^^^^^^^^^^^^^^^^^^^^^^^^^^^^^^^^^^^
  File "C:\Users\infomax\Miniconda3\Lib\site-packages\fastapi\applications.py", line 1163, in __call__
    await super().__call__(scope, receive, send)
  File "C:\Users\infomax\Miniconda3\Lib\site-packages\starlette\applications.py", line 90, in __call__
    await self.middleware_stack(scope, receive, send)
  File "C:\Users\infomax\Miniconda3\Lib\site-packages\starlette\middleware\errors.py", line 186, in __call__
    raise exc
  File "C:\Users\infomax\Miniconda3\Lib\site-packages\starlette\middleware\errors.py", line 164, in __call__
    await self.app(scope, receive, _send)
  File "C:\Users\infomax\Miniconda3\Lib\site-packages\starlette\middleware\cors.py", line 88, in __call__
    await self.app(scope, receive, send)
  File "C:\Users\infomax\Miniconda3\Lib\site-packages\starlette\middleware\exceptions.py", line 63, in __call__
    await wrap_app_handling_exceptions(self.app, conn)(scope, receive, send)
  File "C:\Users\infomax\Miniconda3\Lib\site-packages\starlette\_exception_handler.py", line 53, in wrapped_app
    raise exc
  File "C:\Users\infomax\Miniconda3\Lib\site-packages\starlette\_exception_handler.py", line 42, in wrapped_app
    await app(scope, receive, sender)
  File "C:\Users\infomax\Miniconda3\Lib\site-packages\fastapi\middleware\asyncexitstack.py", line 18, in __call__
    await self.app(scope, receive, send)
  File "C:\Users\infomax\Miniconda3\Lib\site-packages\starlette\routing.py", line 660, in __call__
    await self.middleware_stack(scope, receive, send)
  File "C:\Users\infomax\Miniconda3\Lib\site-packages\fastapi\routing.py", line 2543, in app
    await route.handle(scope, receive, send)
  File "C:\Users\infomax\Miniconda3\Lib\site-packages\fastapi\routing.py", line 1241, in handle
    await super().handle(scope, receive, send)
  File "C:\Users\infomax\Miniconda3\Lib\site-packages\starlette\routing.py", line 276, in handle
    await self.app(scope, receive, send)
  File "C:\Users\infomax\Miniconda3\Lib\site-packages\fastapi\routing.py", line 150, in app
    await wrap_app_handling_exceptions(app, request)(scope, receive, send)
  File "C:\Users\infomax\Miniconda3\Lib\site-packages\starlette\_exception_handler.py", line 53, in wrapped_app
    raise exc
  File "C:\Users\infomax\Miniconda3\Lib\site-packages\starlette\_exception_handler.py", line 42, in wrapped_app
    await app(scope, receive, sender)
  File "C:\Users\infomax\Miniconda3\Lib\site-packages\fastapi\routing.py", line 136, in app
    response = await f(request)
               ^^^^^^^^^^^^^^^^
  File "C:\Users\infomax\Miniconda3\Lib\site-packages\fastapi\routing.py", line 690, in app
    raw_response = await run_endpoint_function(
                   ^^^^^^^^^^^^^^^^^^^^^^^^^^^^
    ...<3 lines>...
    )
    ^
  File "C:\Users\infomax\Miniconda3\Lib\site-packages\fastapi\routing.py", line 346, in run_endpoint_function
    return await run_in_threadpool(dependant.call, **values)
           ^^^^^^^^^^^^^^^^^^^^^^^^^^^^^^^^^^^^^^^^^^^^^^^^^
  File "C:\Users\infomax\Miniconda3\Lib\site-packages\starlette\concurrency.py", line 34, in run_in_threadpool
    return await anyio.to_thread.run_sync(func)
           ^^^^^^^^^^^^^^^^^^^^^^^^^^^^^^^^^^^^
  File "C:\Users\infomax\Miniconda3\Lib\site-packages\anyio\to_thread.py", line 63, in run_sync
    return await get_async_backend().run_sync_in_worker_thread(
           ^^^^^^^^^^^^^^^^^^^^^^^^^^^^^^^^^^^^^^^^^^^^^^^^^^^^
        func, args, abandon_on_cancel=abandon_on_cancel, limiter=limiter
        ^^^^^^^^^^^^^^^^^^^^^^^^^^^^^^^^^^^^^^^^^^^^^^^^^^^^^^^^^^^^^^^^
    )
    ^
  File "C:\Users\infomax\Miniconda3\Lib\site-packages\anyio\_backends\_asyncio.py", line 2502, in run_sync_in_worker_thread
    return await future
           ^^^^^^^^^^^^
  File "C:\Users\infomax\Miniconda3\Lib\site-packages\anyio\_backends\_asyncio.py", line 986, in run
    result = context.run(func, *args)
  File "D:\Projects\Projects_AS\IRS Pricer\irs_pricer\api.py", line 169, in market_data_range
    cd_rate: float
                ^^
  File "D:\Projects\Projects_AS\IRS Pricer\irs_pricer\api.py", line 83, in _all_dates
    if _EXCEL_PATH.exists():
                 ^^^^^^^^^^^
  File "D:\Projects\Projects_AS\IRS Pricer\irs_pricer\csv_loader.py", line 118, in common_dates
    sets = [set(_available_dates(data_dir / "CD_AAA_91D.csv"))]
                ~~~~~~~~~~~~~~~~^^^^^^^^^^^^^^^^^^^^^^^^^^^^^
  File "D:\Projects\Projects_AS\IRS Pricer\irs_pricer\csv_loader.py", line 79, in _available_dates
    with csv_path.open(encoding="utf-8-sig") as f:
         ~~~~~~~~~~~~~^^^^^^^^^^^^^^^^^^^^^^
  File "C:\Users\infomax\Miniconda3\Lib\pathlib\_local.py", line 537, in open
    return io.open(self, mode, buffering, encoding, errors, newline)
           ~~~~~~~^^^^^^^^^^^^^^^^^^^^^^^^^^^^^^^^^^^^^^^^^^^^^^^^^^
FileNotFoundError: [Errno 2] No such file or directory: 'D:\\Projects\\Projects_AS\\IRS Pricer\\CD_AAA_91D.csv'
ERROR:    Exception in ASGI application
Traceback (most recent call last):
  File "C:\Users\infomax\Miniconda3\Lib\site-packages\uvicorn\protocols\http\httptools_impl.py", line 421, in run_asgi
    result = await app(  # type: ignore[func-returns-value]
             ^^^^^^^^^^^^^^^^^^^^^^^^^^^^^^^^^^^^^^^^^^^^^^
        self.scope, self.receive, self.send
        ^^^^^^^^^^^^^^^^^^^^^^^^^^^^^^^^^^^
    )
    ^
  File "C:\Users\infomax\Miniconda3\Lib\site-packages\uvicorn\middleware\proxy_headers.py", line 62, in __call__
    return await self.app(scope, receive, send)
           ^^^^^^^^^^^^^^^^^^^^^^^^^^^^^^^^^^^^
  File "C:\Users\infomax\Miniconda3\Lib\site-packages\fastapi\applications.py", line 1163, in __call__
    await super().__call__(scope, receive, send)
  File "C:\Users\infomax\Miniconda3\Lib\site-packages\starlette\applications.py", line 90, in __call__
    await self.middleware_stack(scope, receive, send)
  File "C:\Users\infomax\Miniconda3\Lib\site-packages\starlette\middleware\errors.py", line 186, in __call__
    raise exc
  File "C:\Users\infomax\Miniconda3\Lib\site-packages\starlette\middleware\errors.py", line 164, in __call__
    await self.app(scope, receive, _send)
  File "C:\Users\infomax\Miniconda3\Lib\site-packages\starlette\middleware\cors.py", line 88, in __call__
    await self.app(scope, receive, send)
  File "C:\Users\infomax\Miniconda3\Lib\site-packages\starlette\middleware\exceptions.py", line 63, in __call__
    await wrap_app_handling_exceptions(self.app, conn)(scope, receive, send)
  File "C:\Users\infomax\Miniconda3\Lib\site-packages\starlette\_exception_handler.py", line 53, in wrapped_app
    raise exc
  File "C:\Users\infomax\Miniconda3\Lib\site-packages\starlette\_exception_handler.py", line 42, in wrapped_app
    await app(scope, receive, sender)
  File "C:\Users\infomax\Miniconda3\Lib\site-packages\fastapi\middleware\asyncexitstack.py", line 18, in __call__
    await self.app(scope, receive, send)
  File "C:\Users\infomax\Miniconda3\Lib\site-packages\starlette\routing.py", line 660, in __call__
    await self.middleware_stack(scope, receive, send)
  File "C:\Users\infomax\Miniconda3\Lib\site-packages\fastapi\routing.py", line 2543, in app
    await route.handle(scope, receive, send)
  File "C:\Users\infomax\Miniconda3\Lib\site-packages\fastapi\routing.py", line 1241, in handle
    await super().handle(scope, receive, send)
  File "C:\Users\infomax\Miniconda3\Lib\site-packages\starlette\routing.py", line 276, in handle
    await self.app(scope, receive, send)
  File "C:\Users\infomax\Miniconda3\Lib\site-packages\fastapi\routing.py", line 150, in app
    await wrap_app_handling_exceptions(app, request)(scope, receive, send)
  File "C:\Users\infomax\Miniconda3\Lib\site-packages\starlette\_exception_handler.py", line 53, in wrapped_app
    raise exc
  File "C:\Users\infomax\Miniconda3\Lib\site-packages\starlette\_exception_handler.py", line 42, in wrapped_app
    await app(scope, receive, sender)
  File "C:\Users\infomax\Miniconda3\Lib\site-packages\fastapi\routing.py", line 136, in app
    response = await f(request)
               ^^^^^^^^^^^^^^^^
  File "C:\Users\infomax\Miniconda3\Lib\site-packages\fastapi\routing.py", line 690, in app
    raw_response = await run_endpoint_function(
                   ^^^^^^^^^^^^^^^^^^^^^^^^^^^^
    ...<3 lines>...
    )
    ^
  File "C:\Users\infomax\Miniconda3\Lib\site-packages\fastapi\routing.py", line 346, in run_endpoint_function
    return await run_in_threadpool(dependant.call, **values)
           ^^^^^^^^^^^^^^^^^^^^^^^^^^^^^^^^^^^^^^^^^^^^^^^^^
  File "C:\Users\infomax\Miniconda3\Lib\site-packages\starlette\concurrency.py", line 34, in run_in_threadpool
    return await anyio.to_thread.run_sync(func)
           ^^^^^^^^^^^^^^^^^^^^^^^^^^^^^^^^^^^^
  File "C:\Users\infomax\Miniconda3\Lib\site-packages\anyio\to_thread.py", line 63, in run_sync
    return await get_async_backend().run_sync_in_worker_thread(
           ^^^^^^^^^^^^^^^^^^^^^^^^^^^^^^^^^^^^^^^^^^^^^^^^^^^^
        func, args, abandon_on_cancel=abandon_on_cancel, limiter=limiter
        ^^^^^^^^^^^^^^^^^^^^^^^^^^^^^^^^^^^^^^^^^^^^^^^^^^^^^^^^^^^^^^^^
    )
    ^
  File "C:\Users\infomax\Miniconda3\Lib\site-packages\anyio\_backends\_asyncio.py", line 2502, in run_sync_in_worker_thread
    return await future
           ^^^^^^^^^^^^
  File "C:\Users\infomax\Miniconda3\Lib\site-packages\anyio\_backends\_asyncio.py", line 986, in run
    result = context.run(func, *args)
  File "D:\Projects\Projects_AS\IRS Pricer\irs_pricer\api.py", line 169, in market_data_range
    cd_rate: float
                ^^
  File "D:\Projects\Projects_AS\IRS Pricer\irs_pricer\api.py", line 83, in _all_dates
    if _EXCEL_PATH.exists():
                 ^^^^^^^^^^^
  File "D:\Projects\Projects_AS\IRS Pricer\irs_pricer\csv_loader.py", line 118, in common_dates
    sets = [set(_available_dates(data_dir / "CD_AAA_91D.csv"))]
                ~~~~~~~~~~~~~~~~^^^^^^^^^^^^^^^^^^^^^^^^^^^^^
  File "D:\Projects\Projects_AS\IRS Pricer\irs_pricer\csv_loader.py", line 79, in _available_dates
    with csv_path.open(encoding="utf-8-sig") as f:
         ~~~~~~~~~~~~~^^^^^^^^^^^^^^^^^^^^^^
  File "C:\Users\infomax\Miniconda3\Lib\pathlib\_local.py", line 537, in open
    return io.open(self, mode, buffering, encoding, errors, newline)
           ~~~~~~~^^^^^^^^^^^^^^^^^^^^^^^^^^^^^^^^^^^^^^^^^^^^^^^^^^
FileNotFoundError: [Errno 2] No such file or directory: 'D:\\Projects\\Projects_AS\\IRS Pricer\\CD_AAA_91D.csv'
ERROR:    Exception in ASGI application
Traceback (most recent call last):
  File "C:\Users\infomax\Miniconda3\Lib\site-packages\uvicorn\protocols\http\httptools_impl.py", line 421, in run_asgi
    result = await app(  # type: ignore[func-returns-value]
             ^^^^^^^^^^^^^^^^^^^^^^^^^^^^^^^^^^^^^^^^^^^^^^
        self.scope, self.receive, self.send
        ^^^^^^^^^^^^^^^^^^^^^^^^^^^^^^^^^^^
    )
    ^
  File "C:\Users\infomax\Miniconda3\Lib\site-packages\uvicorn\middleware\proxy_headers.py", line 62, in __call__
    return await self.app(scope, receive, send)
           ^^^^^^^^^^^^^^^^^^^^^^^^^^^^^^^^^^^^
  File "C:\Users\infomax\Miniconda3\Lib\site-packages\fastapi\applications.py", line 1163, in __call__
    await super().__call__(scope, receive, send)
  File "C:\Users\infomax\Miniconda3\Lib\site-packages\starlette\applications.py", line 90, in __call__
    await self.middleware_stack(scope, receive, send)
  File "C:\Users\infomax\Miniconda3\Lib\site-packages\starlette\middleware\errors.py", line 186, in __call__
    raise exc
  File "C:\Users\infomax\Miniconda3\Lib\site-packages\starlette\middleware\errors.py", line 164, in __call__
    await self.app(scope, receive, _send)
  File "C:\Users\infomax\Miniconda3\Lib\site-packages\starlette\middleware\cors.py", line 96, in __call__
    await self.simple_response(scope, receive, send, request_headers=headers)
  File "C:\Users\infomax\Miniconda3\Lib\site-packages\starlette\middleware\cors.py", line 154, in simple_response
    await self.app(scope, receive, send)
  File "C:\Users\infomax\Miniconda3\Lib\site-packages\starlette\middleware\exceptions.py", line 63, in __call__
    await wrap_app_handling_exceptions(self.app, conn)(scope, receive, send)
  File "C:\Users\infomax\Miniconda3\Lib\site-packages\starlette\_exception_handler.py", line 53, in wrapped_app
    raise exc
  File "C:\Users\infomax\Miniconda3\Lib\site-packages\starlette\_exception_handler.py", line 42, in wrapped_app
    await app(scope, receive, sender)
  File "C:\Users\infomax\Miniconda3\Lib\site-packages\fastapi\middleware\asyncexitstack.py", line 18, in __call__
    await self.app(scope, receive, send)
  File "C:\Users\infomax\Miniconda3\Lib\site-packages\starlette\routing.py", line 660, in __call__
    await self.middleware_stack(scope, receive, send)
  File "C:\Users\infomax\Miniconda3\Lib\site-packages\fastapi\routing.py", line 2543, in app
    await route.handle(scope, receive, send)
  File "C:\Users\infomax\Miniconda3\Lib\site-packages\fastapi\routing.py", line 1241, in handle
    await super().handle(scope, receive, send)
  File "C:\Users\infomax\Miniconda3\Lib\site-packages\starlette\routing.py", line 276, in handle
    await self.app(scope, receive, send)
  File "C:\Users\infomax\Miniconda3\Lib\site-packages\fastapi\routing.py", line 150, in app
    await wrap_app_handling_exceptions(app, request)(scope, receive, send)
  File "C:\Users\infomax\Miniconda3\Lib\site-packages\starlette\_exception_handler.py", line 53, in wrapped_app
    raise exc
  File "C:\Users\infomax\Miniconda3\Lib\site-packages\starlette\_exception_handler.py", line 42, in wrapped_app
    await app(scope, receive, sender)
  File "C:\Users\infomax\Miniconda3\Lib\site-packages\fastapi\routing.py", line 136, in app
    response = await f(request)
               ^^^^^^^^^^^^^^^^
  File "C:\Users\infomax\Miniconda3\Lib\site-packages\fastapi\routing.py", line 690, in app
    raw_response = await run_endpoint_function(
                   ^^^^^^^^^^^^^^^^^^^^^^^^^^^^
    ...<3 lines>...
    )
    ^
  File "C:\Users\infomax\Miniconda3\Lib\site-packages\fastapi\routing.py", line 346, in run_endpoint_function
    return await run_in_threadpool(dependant.call, **values)
           ^^^^^^^^^^^^^^^^^^^^^^^^^^^^^^^^^^^^^^^^^^^^^^^^^
  File "C:\Users\infomax\Miniconda3\Lib\site-packages\starlette\concurrency.py", line 34, in run_in_threadpool
    return await anyio.to_thread.run_sync(func)
           ^^^^^^^^^^^^^^^^^^^^^^^^^^^^^^^^^^^^
  File "C:\Users\infomax\Miniconda3\Lib\site-packages\anyio\to_thread.py", line 63, in run_sync
    return await get_async_backend().run_sync_in_worker_thread(
           ^^^^^^^^^^^^^^^^^^^^^^^^^^^^^^^^^^^^^^^^^^^^^^^^^^^^
        func, args, abandon_on_cancel=abandon_on_cancel, limiter=limiter
        ^^^^^^^^^^^^^^^^^^^^^^^^^^^^^^^^^^^^^^^^^^^^^^^^^^^^^^^^^^^^^^^^
    )
    ^
  File "C:\Users\infomax\Miniconda3\Lib\site-packages\anyio\_backends\_asyncio.py", line 2502, in run_sync_in_worker_thread
    return await future
           ^^^^^^^^^^^^
  File "C:\Users\infomax\Miniconda3\Lib\site-packages\anyio\_backends\_asyncio.py", line 986, in run
    result = context.run(func, *args)
  File "D:\Projects\Projects_AS\IRS Pricer\irs_pricer\api.py", line 169, in market_data_range
    cd_rate: float
                ^^
  File "D:\Projects\Projects_AS\IRS Pricer\irs_pricer\api.py", line 83, in _all_dates
    if _EXCEL_PATH.exists():
                 ^^^^^^^^^^^
  File "D:\Projects\Projects_AS\IRS Pricer\irs_pricer\csv_loader.py", line 118, in common_dates
    sets = [set(_available_dates(data_dir / "CD_AAA_91D.csv"))]
                ~~~~~~~~~~~~~~~~^^^^^^^^^^^^^^^^^^^^^^^^^^^^^
  File "D:\Projects\Projects_AS\IRS Pricer\irs_pricer\csv_loader.py", line 79, in _available_dates
    with csv_path.open(encoding="utf-8-sig") as f:
         ~~~~~~~~~~~~~^^^^^^^^^^^^^^^^^^^^^^
  File "C:\Users\infomax\Miniconda3\Lib\pathlib\_local.py", line 537, in open
    return io.open(self, mode, buffering, encoding, errors, newline)
           ~~~~~~~^^^^^^^^^^^^^^^^^^^^^^^^^^^^^^^^^^^^^^^^^^^^^^^^^^
FileNotFoundError: [Errno 2] No such file or directory: 'D:\\Projects\\Projects_AS\\IRS Pricer\\CD_AAA_91D.csv'
ERROR:    Exception in ASGI application
Traceback (most recent call last):
  File "C:\Users\infomax\Miniconda3\Lib\site-packages\uvicorn\protocols\http\httptools_impl.py", line 421, in run_asgi
    result = await app(  # type: ignore[func-returns-value]
             ^^^^^^^^^^^^^^^^^^^^^^^^^^^^^^^^^^^^^^^^^^^^^^
        self.scope, self.receive, self.send
        ^^^^^^^^^^^^^^^^^^^^^^^^^^^^^^^^^^^
    )
    ^
  File "C:\Users\infomax\Miniconda3\Lib\site-packages\uvicorn\middleware\proxy_headers.py", line 62, in __call__
    return await self.app(scope, receive, send)
           ^^^^^^^^^^^^^^^^^^^^^^^^^^^^^^^^^^^^
  File "C:\Users\infomax\Miniconda3\Lib\site-packages\fastapi\applications.py", line 1163, in __call__
    await super().__call__(scope, receive, send)
  File "C:\Users\infomax\Miniconda3\Lib\site-packages\starlette\applications.py", line 90, in __call__
    await self.middleware_stack(scope, receive, send)
  File "C:\Users\infomax\Miniconda3\Lib\site-packages\starlette\middleware\errors.py", line 186, in __call__
    raise exc
  File "C:\Users\infomax\Miniconda3\Lib\site-packages\starlette\middleware\errors.py", line 164, in __call__
    await self.app(scope, receive, _send)
  File "C:\Users\infomax\Miniconda3\Lib\site-packages\starlette\middleware\cors.py", line 96, in __call__
    await self.simple_response(scope, receive, send, request_headers=headers)
  File "C:\Users\infomax\Miniconda3\Lib\site-packages\starlette\middleware\cors.py", line 154, in simple_response
    await self.app(scope, receive, send)
  File "C:\Users\infomax\Miniconda3\Lib\site-packages\starlette\middleware\exceptions.py", line 63, in __call__
    await wrap_app_handling_exceptions(self.app, conn)(scope, receive, send)
  File "C:\Users\infomax\Miniconda3\Lib\site-packages\starlette\_exception_handler.py", line 53, in wrapped_app
    raise exc
  File "C:\Users\infomax\Miniconda3\Lib\site-packages\starlette\_exception_handler.py", line 42, in wrapped_app
    await app(scope, receive, sender)
  File "C:\Users\infomax\Miniconda3\Lib\site-packages\fastapi\middleware\asyncexitstack.py", line 18, in __call__
    await self.app(scope, receive, send)
  File "C:\Users\infomax\Miniconda3\Lib\site-packages\starlette\routing.py", line 660, in __call__
    await self.middleware_stack(scope, receive, send)
  File "C:\Users\infomax\Miniconda3\Lib\site-packages\fastapi\routing.py", line 2543, in app
    await route.handle(scope, receive, send)
  File "C:\Users\infomax\Miniconda3\Lib\site-packages\fastapi\routing.py", line 1241, in handle
    await super().handle(scope, receive, send)
  File "C:\Users\infomax\Miniconda3\Lib\site-packages\starlette\routing.py", line 276, in handle
    await self.app(scope, receive, send)
  File "C:\Users\infomax\Miniconda3\Lib\site-packages\fastapi\routing.py", line 150, in app
    await wrap_app_handling_exceptions(app, request)(scope, receive, send)
  File "C:\Users\infomax\Miniconda3\Lib\site-packages\starlette\_exception_handler.py", line 53, in wrapped_app
    raise exc
  File "C:\Users\infomax\Miniconda3\Lib\site-packages\starlette\_exception_handler.py", line 42, in wrapped_app
    await app(scope, receive, sender)
  File "C:\Users\infomax\Miniconda3\Lib\site-packages\fastapi\routing.py", line 136, in app
    response = await f(request)
               ^^^^^^^^^^^^^^^^
  File "C:\Users\infomax\Miniconda3\Lib\site-packages\fastapi\routing.py", line 690, in app
    raw_response = await run_endpoint_function(
                   ^^^^^^^^^^^^^^^^^^^^^^^^^^^^
    ...<3 lines>...
    )
    ^
  File "C:\Users\infomax\Miniconda3\Lib\site-packages\fastapi\routing.py", line 346, in run_endpoint_function
    return await run_in_threadpool(dependant.call, **values)
           ^^^^^^^^^^^^^^^^^^^^^^^^^^^^^^^^^^^^^^^^^^^^^^^^^
  File "C:\Users\infomax\Miniconda3\Lib\site-packages\starlette\concurrency.py", line 34, in run_in_threadpool
    return await anyio.to_thread.run_sync(func)
           ^^^^^^^^^^^^^^^^^^^^^^^^^^^^^^^^^^^^
  File "C:\Users\infomax\Miniconda3\Lib\site-packages\anyio\to_thread.py", line 63, in run_sync
    return await get_async_backend().run_sync_in_worker_thread(
           ^^^^^^^^^^^^^^^^^^^^^^^^^^^^^^^^^^^^^^^^^^^^^^^^^^^^
        func, args, abandon_on_cancel=abandon_on_cancel, limiter=limiter
        ^^^^^^^^^^^^^^^^^^^^^^^^^^^^^^^^^^^^^^^^^^^^^^^^^^^^^^^^^^^^^^^^
    )
    ^
  File "C:\Users\infomax\Miniconda3\Lib\site-packages\anyio\_backends\_asyncio.py", line 2502, in run_sync_in_worker_thread
    return await future
           ^^^^^^^^^^^^
  File "C:\Users\infomax\Miniconda3\Lib\site-packages\anyio\_backends\_asyncio.py", line 986, in run
    result = context.run(func, *args)
  File "D:\Projects\Projects_AS\IRS Pricer\irs_pricer\api.py", line 169, in market_data_range
    cd_rate: float
                ^^
  File "D:\Projects\Projects_AS\IRS Pricer\irs_pricer\api.py", line 83, in _all_dates
    if _EXCEL_PATH.exists():
                 ^^^^^^^^^^^
  File "D:\Projects\Projects_AS\IRS Pricer\irs_pricer\csv_loader.py", line 118, in common_dates
    sets = [set(_available_dates(data_dir / "CD_AAA_91D.csv"))]
                ~~~~~~~~~~~~~~~~^^^^^^^^^^^^^^^^^^^^^^^^^^^^^
  File "D:\Projects\Projects_AS\IRS Pricer\irs_pricer\csv_loader.py", line 79, in _available_dates
    with csv_path.open(encoding="utf-8-sig") as f:
         ~~~~~~~~~~~~~^^^^^^^^^^^^^^^^^^^^^^
  File "C:\Users\infomax\Miniconda3\Lib\pathlib\_local.py", line 537, in open
    return io.open(self, mode, buffering, encoding, errors, newline)
           ~~~~~~~^^^^^^^^^^^^^^^^^^^^^^^^^^^^^^^^^^^^^^^^^^^^^^^^^^
FileNotFoundError: [Errno 2] No such file or directory: 'D:\\Projects\\Projects_AS\\IRS Pricer\\CD_AAA_91D.csv'
ERROR:    Exception in ASGI application
Traceback (most recent call last):
  File "C:\Users\infomax\Miniconda3\Lib\site-packages\uvicorn\protocols\http\httptools_impl.py", line 421, in run_asgi
    result = await app(  # type: ignore[func-returns-value]
             ^^^^^^^^^^^^^^^^^^^^^^^^^^^^^^^^^^^^^^^^^^^^^^
        self.scope, self.receive, self.send
        ^^^^^^^^^^^^^^^^^^^^^^^^^^^^^^^^^^^
    )
    ^
  File "C:\Users\infomax\Miniconda3\Lib\site-packages\uvicorn\middleware\proxy_headers.py", line 62, in __call__
    return await self.app(scope, receive, send)
           ^^^^^^^^^^^^^^^^^^^^^^^^^^^^^^^^^^^^
  File "C:\Users\infomax\Miniconda3\Lib\site-packages\fastapi\applications.py", line 1163, in __call__
    await super().__call__(scope, receive, send)
  File "C:\Users\infomax\Miniconda3\Lib\site-packages\starlette\applications.py", line 90, in __call__
    await self.middleware_stack(scope, receive, send)
  File "C:\Users\infomax\Miniconda3\Lib\site-packages\starlette\middleware\errors.py", line 186, in __call__
    raise exc
  File "C:\Users\infomax\Miniconda3\Lib\site-packages\starlette\middleware\errors.py", line 164, in __call__
    await self.app(scope, receive, _send)
  File "C:\Users\infomax\Miniconda3\Lib\site-packages\starlette\middleware\cors.py", line 96, in __call__
    await self.simple_response(scope, receive, send, request_headers=headers)
  File "C:\Users\infomax\Miniconda3\Lib\site-packages\starlette\middleware\cors.py", line 154, in simple_response
    await self.app(scope, receive, send)
  File "C:\Users\infomax\Miniconda3\Lib\site-packages\starlette\middleware\exceptions.py", line 63, in __call__
    await wrap_app_handling_exceptions(self.app, conn)(scope, receive, send)
  File "C:\Users\infomax\Miniconda3\Lib\site-packages\starlette\_exception_handler.py", line 53, in wrapped_app
    raise exc
  File "C:\Users\infomax\Miniconda3\Lib\site-packages\starlette\_exception_handler.py", line 42, in wrapped_app
    await app(scope, receive, sender)
  File "C:\Users\infomax\Miniconda3\Lib\site-packages\fastapi\middleware\asyncexitstack.py", line 18, in __call__
    await self.app(scope, receive, send)
  File "C:\Users\infomax\Miniconda3\Lib\site-packages\starlette\routing.py", line 660, in __call__
    await self.middleware_stack(scope, receive, send)
  File "C:\Users\infomax\Miniconda3\Lib\site-packages\fastapi\routing.py", line 2543, in app
    await route.handle(scope, receive, send)
  File "C:\Users\infomax\Miniconda3\Lib\site-packages\fastapi\routing.py", line 1241, in handle
    await super().handle(scope, receive, send)
  File "C:\Users\infomax\Miniconda3\Lib\site-packages\starlette\routing.py", line 276, in handle
    await self.app(scope, receive, send)
  File "C:\Users\infomax\Miniconda3\Lib\site-packages\fastapi\routing.py", line 150, in app
    await wrap_app_handling_exceptions(app, request)(scope, receive, send)
  File "C:\Users\infomax\Miniconda3\Lib\site-packages\starlette\_exception_handler.py", line 53, in wrapped_app
    raise exc
  File "C:\Users\infomax\Miniconda3\Lib\site-packages\starlette\_exception_handler.py", line 42, in wrapped_app
    await app(scope, receive, sender)
  File "C:\Users\infomax\Miniconda3\Lib\site-packages\fastapi\routing.py", line 136, in app
    response = await f(request)
               ^^^^^^^^^^^^^^^^
  File "C:\Users\infomax\Miniconda3\Lib\site-packages\fastapi\routing.py", line 690, in app
    raw_response = await run_endpoint_function(
                   ^^^^^^^^^^^^^^^^^^^^^^^^^^^^
    ...<3 lines>...
    )
    ^
  File "C:\Users\infomax\Miniconda3\Lib\site-packages\fastapi\routing.py", line 346, in run_endpoint_function
    return await run_in_threadpool(dependant.call, **values)
           ^^^^^^^^^^^^^^^^^^^^^^^^^^^^^^^^^^^^^^^^^^^^^^^^^
  File "C:\Users\infomax\Miniconda3\Lib\site-packages\starlette\concurrency.py", line 34, in run_in_threadpool
    return await anyio.to_thread.run_sync(func)
           ^^^^^^^^^^^^^^^^^^^^^^^^^^^^^^^^^^^^
  File "C:\Users\infomax\Miniconda3\Lib\site-packages\anyio\to_thread.py", line 63, in run_sync
    return await get_async_backend().run_sync_in_worker_thread(
           ^^^^^^^^^^^^^^^^^^^^^^^^^^^^^^^^^^^^^^^^^^^^^^^^^^^^
        func, args, abandon_on_cancel=abandon_on_cancel, limiter=limiter
        ^^^^^^^^^^^^^^^^^^^^^^^^^^^^^^^^^^^^^^^^^^^^^^^^^^^^^^^^^^^^^^^^
    )
    ^
  File "C:\Users\infomax\Miniconda3\Lib\site-packages\anyio\_backends\_asyncio.py", line 2502, in run_sync_in_worker_thread
    return await future
           ^^^^^^^^^^^^
  File "C:\Users\infomax\Miniconda3\Lib\site-packages\anyio\_backends\_asyncio.py", line 986, in run
    result = context.run(func, *args)
  File "D:\Projects\Projects_AS\IRS Pricer\irs_pricer\api.py", line 169, in market_data_range
    cd_rate: float
                ^^
  File "D:\Projects\Projects_AS\IRS Pricer\irs_pricer\api.py", line 83, in _all_dates
    if _EXCEL_PATH.exists():
                 ^^^^^^^^^^^
  File "D:\Projects\Projects_AS\IRS Pricer\irs_pricer\csv_loader.py", line 118, in common_dates
    sets = [set(_available_dates(data_dir / "CD_AAA_91D.csv"))]
                ~~~~~~~~~~~~~~~~^^^^^^^^^^^^^^^^^^^^^^^^^^^^^
  File "D:\Projects\Projects_AS\IRS Pricer\irs_pricer\csv_loader.py", line 79, in _available_dates
    with csv_path.open(encoding="utf-8-sig") as f:
         ~~~~~~~~~~~~~^^^^^^^^^^^^^^^^^^^^^^
  File "C:\Users\infomax\Miniconda3\Lib\pathlib\_local.py", line 537, in open
    return io.open(self, mode, buffering, encoding, errors, newline)
           ~~~~~~~^^^^^^^^^^^^^^^^^^^^^^^^^^^^^^^^^^^^^^^^^^^^^^^^^^
FileNotFoundError: [Errno 2] No such file or directory: 'D:\\Projects\\Projects_AS\\IRS Pricer\\CD_AAA_91D.csv'
ERROR:    Exception in ASGI application
Traceback (most recent call last):
  File "C:\Users\infomax\Miniconda3\Lib\site-packages\uvicorn\protocols\http\httptools_impl.py", line 421, in run_asgi
    result = await app(  # type: ignore[func-returns-value]
             ^^^^^^^^^^^^^^^^^^^^^^^^^^^^^^^^^^^^^^^^^^^^^^
        self.scope, self.receive, self.send
        ^^^^^^^^^^^^^^^^^^^^^^^^^^^^^^^^^^^
    )
    ^
  File "C:\Users\infomax\Miniconda3\Lib\site-packages\uvicorn\middleware\proxy_headers.py", line 62, in __call__
    return await self.app(scope, receive, send)
           ^^^^^^^^^^^^^^^^^^^^^^^^^^^^^^^^^^^^
  File "C:\Users\infomax\Miniconda3\Lib\site-packages\fastapi\applications.py", line 1163, in __call__
    await super().__call__(scope, receive, send)
  File "C:\Users\infomax\Miniconda3\Lib\site-packages\starlette\applications.py", line 90, in __call__
    await self.middleware_stack(scope, receive, send)
  File "C:\Users\infomax\Miniconda3\Lib\site-packages\starlette\middleware\errors.py", line 186, in __call__
    raise exc
  File "C:\Users\infomax\Miniconda3\Lib\site-packages\starlette\middleware\errors.py", line 164, in __call__
    await self.app(scope, receive, _send)
  File "C:\Users\infomax\Miniconda3\Lib\site-packages\starlette\middleware\cors.py", line 96, in __call__
    await self.simple_response(scope, receive, send, request_headers=headers)
  File "C:\Users\infomax\Miniconda3\Lib\site-packages\starlette\middleware\cors.py", line 154, in simple_response
    await self.app(scope, receive, send)
  File "C:\Users\infomax\Miniconda3\Lib\site-packages\starlette\middleware\exceptions.py", line 63, in __call__
    await wrap_app_handling_exceptions(self.app, conn)(scope, receive, send)
  File "C:\Users\infomax\Miniconda3\Lib\site-packages\starlette\_exception_handler.py", line 53, in wrapped_app
    raise exc
  File "C:\Users\infomax\Miniconda3\Lib\site-packages\starlette\_exception_handler.py", line 42, in wrapped_app
    await app(scope, receive, sender)
  File "C:\Users\infomax\Miniconda3\Lib\site-packages\fastapi\middleware\asyncexitstack.py", line 18, in __call__
    await self.app(scope, receive, send)
  File "C:\Users\infomax\Miniconda3\Lib\site-packages\starlette\routing.py", line 660, in __call__
    await self.middleware_stack(scope, receive, send)
  File "C:\Users\infomax\Miniconda3\Lib\site-packages\fastapi\routing.py", line 2543, in app
    await route.handle(scope, receive, send)
  File "C:\Users\infomax\Miniconda3\Lib\site-packages\fastapi\routing.py", line 1241, in handle
    await super().handle(scope, receive, send)
  File "C:\Users\infomax\Miniconda3\Lib\site-packages\starlette\routing.py", line 276, in handle
    await self.app(scope, receive, send)
  File "C:\Users\infomax\Miniconda3\Lib\site-packages\fastapi\routing.py", line 150, in app
    await wrap_app_handling_exceptions(app, request)(scope, receive, send)
  File "C:\Users\infomax\Miniconda3\Lib\site-packages\starlette\_exception_handler.py", line 53, in wrapped_app
    raise exc
  File "C:\Users\infomax\Miniconda3\Lib\site-packages\starlette\_exception_handler.py", line 42, in wrapped_app
    await app(scope, receive, sender)
  File "C:\Users\infomax\Miniconda3\Lib\site-packages\fastapi\routing.py", line 136, in app
    response = await f(request)
               ^^^^^^^^^^^^^^^^
  File "C:\Users\infomax\Miniconda3\Lib\site-packages\fastapi\routing.py", line 690, in app
    raw_response = await run_endpoint_function(
                   ^^^^^^^^^^^^^^^^^^^^^^^^^^^^
    ...<3 lines>...
    )
    ^
  File "C:\Users\infomax\Miniconda3\Lib\site-packages\fastapi\routing.py", line 346, in run_endpoint_function
    return await run_in_threadpool(dependant.call, **values)
           ^^^^^^^^^^^^^^^^^^^^^^^^^^^^^^^^^^^^^^^^^^^^^^^^^
  File "C:\Users\infomax\Miniconda3\Lib\site-packages\starlette\concurrency.py", line 34, in run_in_threadpool
    return await anyio.to_thread.run_sync(func)
           ^^^^^^^^^^^^^^^^^^^^^^^^^^^^^^^^^^^^
  File "C:\Users\infomax\Miniconda3\Lib\site-packages\anyio\to_thread.py", line 63, in run_sync
    return await get_async_backend().run_sync_in_worker_thread(
           ^^^^^^^^^^^^^^^^^^^^^^^^^^^^^^^^^^^^^^^^^^^^^^^^^^^^
        func, args, abandon_on_cancel=abandon_on_cancel, limiter=limiter
        ^^^^^^^^^^^^^^^^^^^^^^^^^^^^^^^^^^^^^^^^^^^^^^^^^^^^^^^^^^^^^^^^
    )
    ^
  File "C:\Users\infomax\Miniconda3\Lib\site-packages\anyio\_backends\_asyncio.py", line 2502, in run_sync_in_worker_thread
    return await future
           ^^^^^^^^^^^^
  File "C:\Users\infomax\Miniconda3\Lib\site-packages\anyio\_backends\_asyncio.py", line 986, in run
    result = context.run(func, *args)
  File "D:\Projects\Projects_AS\IRS Pricer\irs_pricer\api.py", line 169, in market_data_range
    cd_rate: float
                ^^
  File "D:\Projects\Projects_AS\IRS Pricer\irs_pricer\api.py", line 83, in _all_dates
    if _EXCEL_PATH.exists():
                 ^^^^^^^^^^^
  File "D:\Projects\Projects_AS\IRS Pricer\irs_pricer\csv_loader.py", line 118, in common_dates
    sets = [set(_available_dates(data_dir / "CD_AAA_91D.csv"))]
                ~~~~~~~~~~~~~~~~^^^^^^^^^^^^^^^^^^^^^^^^^^^^^
  File "D:\Projects\Projects_AS\IRS Pricer\irs_pricer\csv_loader.py", line 79, in _available_dates
    with csv_path.open(encoding="utf-8-sig") as f:
         ~~~~~~~~~~~~~^^^^^^^^^^^^^^^^^^^^^^
  File "C:\Users\infomax\Miniconda3\Lib\pathlib\_local.py", line 537, in open
    return io.open(self, mode, buffering, encoding, errors, newline)
           ~~~~~~~^^^^^^^^^^^^^^^^^^^^^^^^^^^^^^^^^^^^^^^^^^^^^^^^^^
FileNotFoundError: [Errno 2] No such file or directory: 'D:\\Projects\\Projects_AS\\IRS Pricer\\CD_AAA_91D.csv'
ERROR:    Exception in ASGI application
Traceback (most recent call last):
  File "C:\Users\infomax\Miniconda3\Lib\site-packages\uvicorn\protocols\http\httptools_impl.py", line 421, in run_asgi
    result = await app(  # type: ignore[func-returns-value]
             ^^^^^^^^^^^^^^^^^^^^^^^^^^^^^^^^^^^^^^^^^^^^^^
        self.scope, self.receive, self.send
        ^^^^^^^^^^^^^^^^^^^^^^^^^^^^^^^^^^^
    )
    ^
  File "C:\Users\infomax\Miniconda3\Lib\site-packages\uvicorn\middleware\proxy_headers.py", line 62, in __call__
    return await self.app(scope, receive, send)
           ^^^^^^^^^^^^^^^^^^^^^^^^^^^^^^^^^^^^
  File "C:\Users\infomax\Miniconda3\Lib\site-packages\fastapi\applications.py", line 1163, in __call__
    await super().__call__(scope, receive, send)
  File "C:\Users\infomax\Miniconda3\Lib\site-packages\starlette\applications.py", line 90, in __call__
    await self.middleware_stack(scope, receive, send)
  File "C:\Users\infomax\Miniconda3\Lib\site-packages\starlette\middleware\errors.py", line 186, in __call__
    raise exc
  File "C:\Users\infomax\Miniconda3\Lib\site-packages\starlette\middleware\errors.py", line 164, in __call__
    await self.app(scope, receive, _send)
  File "C:\Users\infomax\Miniconda3\Lib\site-packages\starlette\middleware\cors.py", line 96, in __call__
    await self.simple_response(scope, receive, send, request_headers=headers)
  File "C:\Users\infomax\Miniconda3\Lib\site-packages\starlette\middleware\cors.py", line 154, in simple_response
    await self.app(scope, receive, send)
  File "C:\Users\infomax\Miniconda3\Lib\site-packages\starlette\middleware\exceptions.py", line 63, in __call__
    await wrap_app_handling_exceptions(self.app, conn)(scope, receive, send)
  File "C:\Users\infomax\Miniconda3\Lib\site-packages\starlette\_exception_handler.py", line 53, in wrapped_app
    raise exc
  File "C:\Users\infomax\Miniconda3\Lib\site-packages\starlette\_exception_handler.py", line 42, in wrapped_app
    await app(scope, receive, sender)
  File "C:\Users\infomax\Miniconda3\Lib\site-packages\fastapi\middleware\asyncexitstack.py", line 18, in __call__
    await self.app(scope, receive, send)
  File "C:\Users\infomax\Miniconda3\Lib\site-packages\starlette\routing.py", line 660, in __call__
    await self.middleware_stack(scope, receive, send)
  File "C:\Users\infomax\Miniconda3\Lib\site-packages\fastapi\routing.py", line 2543, in app
    await route.handle(scope, receive, send)
  File "C:\Users\infomax\Miniconda3\Lib\site-packages\fastapi\routing.py", line 1241, in handle
    await super().handle(scope, receive, send)
  File "C:\Users\infomax\Miniconda3\Lib\site-packages\starlette\routing.py", line 276, in handle
    await self.app(scope, receive, send)
  File "C:\Users\infomax\Miniconda3\Lib\site-packages\fastapi\routing.py", line 150, in app
    await wrap_app_handling_exceptions(app, request)(scope, receive, send)
  File "C:\Users\infomax\Miniconda3\Lib\site-packages\starlette\_exception_handler.py", line 53, in wrapped_app
    raise exc
  File "C:\Users\infomax\Miniconda3\Lib\site-packages\starlette\_exception_handler.py", line 42, in wrapped_app
    await app(scope, receive, sender)
  File "C:\Users\infomax\Miniconda3\Lib\site-packages\fastapi\routing.py", line 136, in app
    response = await f(request)
               ^^^^^^^^^^^^^^^^
  File "C:\Users\infomax\Miniconda3\Lib\site-packages\fastapi\routing.py", line 690, in app
    raw_response = await run_endpoint_function(
                   ^^^^^^^^^^^^^^^^^^^^^^^^^^^^
    ...<3 lines>...
    )
    ^
  File "C:\Users\infomax\Miniconda3\Lib\site-packages\fastapi\routing.py", line 346, in run_endpoint_function
    return await run_in_threadpool(dependant.call, **values)
           ^^^^^^^^^^^^^^^^^^^^^^^^^^^^^^^^^^^^^^^^^^^^^^^^^
  File "C:\Users\infomax\Miniconda3\Lib\site-packages\starlette\concurrency.py", line 34, in run_in_threadpool
    return await anyio.to_thread.run_sync(func)
           ^^^^^^^^^^^^^^^^^^^^^^^^^^^^^^^^^^^^
  File "C:\Users\infomax\Miniconda3\Lib\site-packages\anyio\to_thread.py", line 63, in run_sync
    return await get_async_backend().run_sync_in_worker_thread(
           ^^^^^^^^^^^^^^^^^^^^^^^^^^^^^^^^^^^^^^^^^^^^^^^^^^^^
        func, args, abandon_on_cancel=abandon_on_cancel, limiter=limiter
        ^^^^^^^^^^^^^^^^^^^^^^^^^^^^^^^^^^^^^^^^^^^^^^^^^^^^^^^^^^^^^^^^
    )
    ^
  File "C:\Users\infomax\Miniconda3\Lib\site-packages\anyio\_backends\_asyncio.py", line 2502, in run_sync_in_worker_thread
    return await future
           ^^^^^^^^^^^^
  File "C:\Users\infomax\Miniconda3\Lib\site-packages\anyio\_backends\_asyncio.py", line 986, in run
    result = context.run(func, *args)
  File "D:\Projects\Projects_AS\IRS Pricer\irs_pricer\api.py", line 169, in market_data_range
    cd_rate: float
                ^^
  File "D:\Projects\Projects_AS\IRS Pricer\irs_pricer\api.py", line 83, in _all_dates
    if _EXCEL_PATH.exists():
                 ^^^^^^^^^^^
  File "D:\Projects\Projects_AS\IRS Pricer\irs_pricer\csv_loader.py", line 118, in common_dates
    sets = [set(_available_dates(data_dir / "CD_AAA_91D.csv"))]
                ~~~~~~~~~~~~~~~~^^^^^^^^^^^^^^^^^^^^^^^^^^^^^
  File "D:\Projects\Projects_AS\IRS Pricer\irs_pricer\csv_loader.py", line 79, in _available_dates
    with csv_path.open(encoding="utf-8-sig") as f:
         ~~~~~~~~~~~~~^^^^^^^^^^^^^^^^^^^^^^
  File "C:\Users\infomax\Miniconda3\Lib\pathlib\_local.py", line 537, in open
    return io.open(self, mode, buffering, encoding, errors, newline)
           ~~~~~~~^^^^^^^^^^^^^^^^^^^^^^^^^^^^^^^^^^^^^^^^^^^^^^^^^^
FileNotFoundError: [Errno 2] No such file or directory: 'D:\\Projects\\Projects_AS\\IRS Pricer\\CD_AAA_91D.csv'
ERROR:    Exception in ASGI application
Traceback (most recent call last):
  File "C:\Users\infomax\Miniconda3\Lib\site-packages\uvicorn\protocols\http\httptools_impl.py", line 421, in run_asgi
    result = await app(  # type: ignore[func-returns-value]
             ^^^^^^^^^^^^^^^^^^^^^^^^^^^^^^^^^^^^^^^^^^^^^^
        self.scope, self.receive, self.send
        ^^^^^^^^^^^^^^^^^^^^^^^^^^^^^^^^^^^
    )
    ^
  File "C:\Users\infomax\Miniconda3\Lib\site-packages\uvicorn\middleware\proxy_headers.py", line 62, in __call__
    return await self.app(scope, receive, send)
           ^^^^^^^^^^^^^^^^^^^^^^^^^^^^^^^^^^^^
  File "C:\Users\infomax\Miniconda3\Lib\site-packages\fastapi\applications.py", line 1163, in __call__
    await super().__call__(scope, receive, send)
  File "C:\Users\infomax\Miniconda3\Lib\site-packages\starlette\applications.py", line 90, in __call__
    await self.middleware_stack(scope, receive, send)
  File "C:\Users\infomax\Miniconda3\Lib\site-packages\starlette\middleware\errors.py", line 186, in __call__
    raise exc
  File "C:\Users\infomax\Miniconda3\Lib\site-packages\starlette\middleware\errors.py", line 164, in __call__
    await self.app(scope, receive, _send)
  File "C:\Users\infomax\Miniconda3\Lib\site-packages\starlette\middleware\cors.py", line 96, in __call__
    await self.simple_response(scope, receive, send, request_headers=headers)
  File "C:\Users\infomax\Miniconda3\Lib\site-packages\starlette\middleware\cors.py", line 154, in simple_response
    await self.app(scope, receive, send)
  File "C:\Users\infomax\Miniconda3\Lib\site-packages\starlette\middleware\exceptions.py", line 63, in __call__
    await wrap_app_handling_exceptions(self.app, conn)(scope, receive, send)
  File "C:\Users\infomax\Miniconda3\Lib\site-packages\starlette\_exception_handler.py", line 53, in wrapped_app
    raise exc
  File "C:\Users\infomax\Miniconda3\Lib\site-packages\starlette\_exception_handler.py", line 42, in wrapped_app
    await app(scope, receive, sender)
  File "C:\Users\infomax\Miniconda3\Lib\site-packages\fastapi\middleware\asyncexitstack.py", line 18, in __call__
    await self.app(scope, receive, send)
  File "C:\Users\infomax\Miniconda3\Lib\site-packages\starlette\routing.py", line 660, in __call__
    await self.middleware_stack(scope, receive, send)
  File "C:\Users\infomax\Miniconda3\Lib\site-packages\fastapi\routing.py", line 2543, in app
    await route.handle(scope, receive, send)
  File "C:\Users\infomax\Miniconda3\Lib\site-packages\fastapi\routing.py", line 1241, in handle
    await super().handle(scope, receive, send)
  File "C:\Users\infomax\Miniconda3\Lib\site-packages\starlette\routing.py", line 276, in handle
    await self.app(scope, receive, send)
  File "C:\Users\infomax\Miniconda3\Lib\site-packages\fastapi\routing.py", line 150, in app
    await wrap_app_handling_exceptions(app, request)(scope, receive, send)
  File "C:\Users\infomax\Miniconda3\Lib\site-packages\starlette\_exception_handler.py", line 53, in wrapped_app
    raise exc
  File "C:\Users\infomax\Miniconda3\Lib\site-packages\starlette\_exception_handler.py", line 42, in wrapped_app
    await app(scope, receive, sender)
  File "C:\Users\infomax\Miniconda3\Lib\site-packages\fastapi\routing.py", line 136, in app
    response = await f(request)
               ^^^^^^^^^^^^^^^^
  File "C:\Users\infomax\Miniconda3\Lib\site-packages\fastapi\routing.py", line 690, in app
    raw_response = await run_endpoint_function(
                   ^^^^^^^^^^^^^^^^^^^^^^^^^^^^
    ...<3 lines>...
    )
    ^
  File "C:\Users\infomax\Miniconda3\Lib\site-packages\fastapi\routing.py", line 346, in run_endpoint_function
    return await run_in_threadpool(dependant.call, **values)
           ^^^^^^^^^^^^^^^^^^^^^^^^^^^^^^^^^^^^^^^^^^^^^^^^^
  File "C:\Users\infomax\Miniconda3\Lib\site-packages\starlette\concurrency.py", line 34, in run_in_threadpool
    return await anyio.to_thread.run_sync(func)
           ^^^^^^^^^^^^^^^^^^^^^^^^^^^^^^^^^^^^
  File "C:\Users\infomax\Miniconda3\Lib\site-packages\anyio\to_thread.py", line 63, in run_sync
    return await get_async_backend().run_sync_in_worker_thread(
           ^^^^^^^^^^^^^^^^^^^^^^^^^^^^^^^^^^^^^^^^^^^^^^^^^^^^
        func, args, abandon_on_cancel=abandon_on_cancel, limiter=limiter
        ^^^^^^^^^^^^^^^^^^^^^^^^^^^^^^^^^^^^^^^^^^^^^^^^^^^^^^^^^^^^^^^^
    )
    ^
  File "C:\Users\infomax\Miniconda3\Lib\site-packages\anyio\_backends\_asyncio.py", line 2502, in run_sync_in_worker_thread
    return await future
           ^^^^^^^^^^^^
  File "C:\Users\infomax\Miniconda3\Lib\site-packages\anyio\_backends\_asyncio.py", line 986, in run
    result = context.run(func, *args)
  File "D:\Projects\Projects_AS\IRS Pricer\irs_pricer\api.py", line 169, in market_data_range
    cd_rate: float
                ^^
  File "D:\Projects\Projects_AS\IRS Pricer\irs_pricer\api.py", line 83, in _all_dates
    if _EXCEL_PATH.exists():
                 ^^^^^^^^^^^
  File "D:\Projects\Projects_AS\IRS Pricer\irs_pricer\csv_loader.py", line 118, in common_dates
    sets = [set(_available_dates(data_dir / "CD_AAA_91D.csv"))]
                ~~~~~~~~~~~~~~~~^^^^^^^^^^^^^^^^^^^^^^^^^^^^^
  File "D:\Projects\Projects_AS\IRS Pricer\irs_pricer\csv_loader.py", line 79, in _available_dates
    with csv_path.open(encoding="utf-8-sig") as f:
         ~~~~~~~~~~~~~^^^^^^^^^^^^^^^^^^^^^^
  File "C:\Users\infomax\Miniconda3\Lib\pathlib\_local.py", line 537, in open
    return io.open(self, mode, buffering, encoding, errors, newline)
           ~~~~~~~^^^^^^^^^^^^^^^^^^^^^^^^^^^^^^^^^^^^^^^^^^^^^^^^^^
FileNotFoundError: [Errno 2] No such file or directory: 'D:\\Projects\\Projects_AS\\IRS Pricer\\CD_AAA_91D.csv'
